session_id,boot_id,split,window_id,elapsed_start_s,elapsed_end_s,optical_mean,optical_std,gyro_x_mean,gyro_x_std,gyro_y_mean,gyro_y_std,gyro_z_mean,gyro_z_std,gyro_rapid_change_count
multi-session-001,multi-boot-001,train,0,0.0,2.0,1.1854179999999999,0.019837370692710247,-0.5050569999999999,13.830405645123031,-0.5055620000000001,9.371344469528157,-0.1635880000000001,6.8984160195697095,0
multi-session-001,multi-boot-001,train,1,2.0,4.0,1.181295,0.023120001621972266,-0.6123440000000001,13.95539662631858,-0.33798100000000003,9.274102216136017,-0.37239799999999995,6.968588562929798,0
multi-session-001,multi-boot-001,train,2,4.0,6.0,1.182469,0.019378099468214102,-0.614369,13.954004449036809,-0.3496539999999999,9.258787995978956,-0.26651199999999997,7.0167936979973975,0
multi-session-001,multi-boot-001,train,3,6.0,8.0,1.186736,0.019236702004241792,-0.55932,13.799673594118087,-0.19402199999999994,9.242964300554016,-0.24743000000000007,6.932717055000874,0
multi-session-001,multi-boot-001,train,4,8.0,10.0,1.185969,0.02258618026581741,-0.286659,13.598156095516002,-0.1135440000000001,8.991115090802921,-0.19921100000000003,6.907224335301338,0
multi-session-001,multi-boot-001,train,5,10.0,12.0,1.187362,0.019013599238439843,-0.046709999999999835,13.587599771250991,0.03165699999999991,9.074924448525785,-0.11474499999999993,6.856108997928417,0
multi-session-001,multi-boot-001,train,6,12.0,14.0,1.1828509999999999,0.019501469149784588,0.08002199999999991,13.658224057113575,0.276011,9.096695043090044,0.06728700000000001,6.7672972401344245,0
multi-session-001,multi-boot-001,train,7,14.0,16.0,1.1869589999999999,0.020681262509817916,0.390345,13.798228033638052,0.3648499999999999,9.238203764255257,0.05395400000000004,6.808749279146941,0
multi-session-001,multi-boot-001,train,8,16.0,18.0,1.187826,0.021066735010437668,0.465625,13.911109449475084,0.394183,9.32944052172535,0.1849039999999999,6.928996694903527,0
multi-session-001,multi-boot-001,train,9,18.0,20.0,1.1859639999999998,0.01972312612138349,0.6058829999999997,13.876791783161227,0.317065,9.251046224977745,0.28581100000000004,6.935565301284316,0
multi-session-001,multi-boot-001,train,10,20.0,22.0,1.1871909999999999,0.020157887265286497,0.49343400000000004,13.931519991380839,0.285557,9.229196151271843,0.3498650000000001,7.010999043037661,0
multi-session-001,multi-boot-001,train,11,22.0,24.0,1.191135,0.020282462251906195,0.5020869999999998,13.77546986738133,0.15760300000000002,9.120922009111304,0.31547800000000004,7.051061204110768,0
multi-session-001,multi-boot-001,train,12,24.0,26.0,1.183979,0.020047934033211503,0.25138600000000005,13.668388093034379,0.04883400000000004,9.054016966211407,0.19936200000000007,6.9222644878215975,0
multi-session-001,multi-boot-001,train,13,26.0,28.0,1.1861670000000002,0.019774913678699074,0.084659,13.617248841745496,-0.12026399999999991,9.061109749865299,0.07443399999999997,6.817102617655391,0
multi-session-001,multi-boot-001,train,14,28.0,30.0,1.1844030000000003,0.021075291006294548,-0.13690699999999995,13.60399117760854,-0.19126199999999996,9.21208650047078,0.054704000000000017,6.768637033154016,0
multi-session-001,multi-boot-001,train,15,30.0,32.0,1.185511,0.020445160283059663,-0.4527299999999999,13.55858720440666,-0.304649,9.293423786845135,-0.069323,6.8730558783827,0
multi-session-001,multi-boot-001,train,16,32.0,34.0,1.1848699999999999,0.020084055865287758,-0.52862,13.939880585808474,-0.3974399999999999,9.296431620433726,-0.29592700000000005,6.8836048896323945,0
multi-session-001,multi-boot-001,train,17,34.0,36.0,1.1848940000000001,0.02008843856550329,-0.550616,14.019725235707865,-0.38344,9.290202557447282,-0.33984899999999996,6.897978691435556,0
multi-session-001,multi-boot-001,train,18,36.0,38.0,1.1839229999999998,0.023037772700502113,-0.6640459999999999,13.990624652769583,-0.317182,9.203195366103884,-0.326938,6.988051607276238,0
multi-session-001,multi-boot-001,train,19,38.0,40.0,1.183848,0.01953922454960789,-0.43815899999999997,13.757006408394924,-0.20887600000000003,9.12387874745297,-0.21013400000000004,6.9187526371625685,0
multi-session-001,multi-boot-001,train,20,40.0,42.0,1.1830570000000002,0.01999082417010364,-0.22859999999999978,13.750009273255056,-0.011941999999999968,9.036266293233949,-0.22580700000000006,6.887213778129078,0
multi-session-001,multi-boot-001,train,21,42.0,44.0,1.1862940000000002,0.022198481119211737,-0.1313310000000001,13.620716287396156,0.22744899999999998,9.085646229250782,-0.09686300000000003,6.819955657240815,0
multi-session-001,multi-boot-001,train,22,44.0,46.0,1.1877400000000002,0.021333274479085486,0.25460699999999975,13.654582824416535,0.2540839999999999,9.110057565819439,0.0261469999999999,6.825488272562704,0
multi-session-001,multi-boot-001,train,23,46.0,48.0,1.1829,0.02021990108778972,0.3521160000000003,13.804154684729665,0.29406400000000016,9.310213107749144,0.11706699999999991,6.847168208347958,0
multi-session-001,multi-boot-001,train,24,48.0,50.0,1.1834049999999998,0.02191672135607878,0.612835,13.980706936742326,0.401864,9.374660343057982,0.17943199999999992,6.8824826074735554,0
multi-session-001,multi-boot-001,train,25,50.0,52.0,1.187495,0.023419480673149015,0.658227,13.977532846392133,0.328866,9.255561364414586,0.28867699999999996,6.923988980260655,0
multi-session-001,multi-boot-001,train,26,52.0,54.0,1.184459,0.018319782176652644,0.638194,13.901147442861111,0.297041,9.331990317923555,0.229157,7.00534733877279,0
multi-session-001,multi-boot-001,train,27,54.0,56.0,1.186034,0.021076200891052454,0.5250739999999997,13.721889894476051,0.1328130000000001,9.095539050211977,0.260948,6.88351206122979,0
multi-session-001,multi-boot-001,train,28,56.0,58.0,1.1872,0.020278027517487973,0.234042,13.605520229033361,0.06782999999999997,9.037003850751642,0.2531239999999999,6.945267805594252,0
multi-session-001,multi-boot-001,train,29,58.0,60.0,1.186804,0.022828232169837412,0.0007819999999999983,13.55635412514279,-0.1167089999999999,9.148358294088563,0.04203099999999996,6.850258251696719,0
multi-session-002,multi-boot-002,train,0,0.0,2.0,1.1930789999999998,0.019945627565960408,-3.4239000000000006,11.959565373005827,-2.265528,7.985994666490581,-1.468016,6.085760334809777,0
multi-session-002,multi-boot-002,train,1,2.0,4.0,1.196877,0.0230029339650402,3.3698620000000004,12.000893474394145,1.8966290000000001,8.299533841105715,1.6781099999999998,5.945562672960399,0
multi-session-002,multi-boot-002,train,2,4.0,6.0,1.190132,0.019323710202753492,-2.5711800000000005,12.43443244069467,-1.0240130000000003,8.624994937629296,-1.4437890000000002,6.1361007811621695,0
multi-session-002,multi-boot-002,train,3,6.0,8.0,1.1981600000000001,0.020449009755975963,1.148706,12.87242034312755,-0.12958200000000006,8.759438709933187,1.0510039999999998,6.29505467799796,0
multi-session-002,multi-boot-002,train,4,8.0,10.0,1.198646,0.021384454260046013,0.634082,12.965952417476934,1.1399150000000002,8.474519157903591,-0.24493299999999998,6.505448985643573,0
multi-session-002,multi-boot-002,train,5,10.0,12.0,1.196507,0.020151244403262054,-2.095043,12.574667436582608,-2.0617170000000002,8.133640820322164,-0.552017,6.493711691383519,0
multi-session-002,multi-boot-002,train,6,12.0,14.0,1.197912,0.02038746811156304,3.179403999999999,12.20794622654376,2.370521,8.046918679001235,1.302869,6.2885875060572225,0
multi-session-002,multi-boot-002,train,7,14.0,16.0,1.191759,0.020912073522250253,-3.5217919999999996,11.946222560271343,-2.140284,8.15262083489377,-1.6629510000000003,6.083035080212755,0
multi-session-002,multi-boot-002,train,8,16.0,18.0,1.199131,0.022135738953104774,2.9909450000000004,12.21407381012883,1.3552019999999998,8.470623251614724,1.7112100000000001,6.118823822312586,0
multi-session-002,multi-boot-002,train,9,18.0,20.0,1.194087,0.02002576168339172,-1.7451329999999998,12.79040547705236,-0.2657680000000002,8.630827236167805,-1.292754,6.333416022059818,0
multi-session-002,multi-boot-002,train,10,20.0,22.0,1.1925689999999998,0.021224517403229688,0.11380699999999998,13.11811919826356,-0.7743079999999999,8.65596386022585,0.6186109999999999,6.433551627785308,0
multi-session-002,multi-boot-002,train,11,22.0,24.0,1.19461,0.02046856370144226,1.475376,12.84026040619208,1.7620980000000004,8.273526388414798,0.2648049999999999,6.5122490923700855,0
multi-session-002,multi-boot-002,train,12,24.0,26.0,1.1900380000000002,0.021403881797468417,-2.753243,12.376607880330177,-2.3317349999999997,7.898057280475686,-0.9729390000000001,6.411054593760608,0
multi-session-002,multi-boot-002,train,13,26.0,28.0,1.197413,0.02033074349353707,3.4338800000000003,11.971217807817215,2.27584,8.014221227605338,1.599375,6.068142565635303,0
multi-session-002,multi-boot-002,train,14,28.0,30.0,1.190308,0.021637553835866005,-3.27948,12.070286399932687,-1.799495,8.354653456851157,-1.7778450000000001,5.9182695549691715,0
multi-session-002,multi-boot-002,train,15,30.0,32.0,1.1946359999999998,0.021915809453451632,2.3416509999999993,12.547300093243127,0.8197859999999999,8.729584165274082,1.446036,6.2039942542610405,0
multi-session-002,multi-boot-002,train,16,32.0,34.0,1.193154,0.01959102559847237,-0.8754629999999998,13.048206647885793,0.29507500000000014,8.697404239339173,-0.9375290000000001,6.390740421630267,0
multi-session-002,multi-boot-002,train,17,34.0,36.0,1.195762,0.02270468136750658,-0.8293599999999999,13.033974378891498,-1.4051129999999998,8.500759986432449,0.08008000000000008,6.5653412102647035,0
multi-session-002,multi-boot-002,train,18,36.0,38.0,1.1948630000000002,0.019110131632199715,2.296207,12.594433895338486,2.148644,8.08122770183244,0.7901179999999998,6.490913006016642,0
multi-session-002,multi-boot-002,train,19,38.0,40.0,1.191688,0.019770160747955498,-3.3093030000000003,12.232229015403979,-2.248049,7.913415017165408,-1.427475,6.203804583034108,0
multi-session-002,multi-boot-002,train,20,40.0,42.0,1.1998339999999998,0.020470902373857392,3.4552849999999995,12.053115155074021,2.0514710000000003,8.099915956888626,1.6604270000000005,5.982761306250735,0
multi-session-002,multi-boot-002,train,21,42.0,44.0,1.193375,0.018362398399991212,-2.906003,12.384565813232653,-1.198989,8.495422311561622,-1.687636,6.077650323743873,0
multi-session-002,multi-boot-002,train,22,44.0,46.0,1.1966380000000003,0.020776682988388695,1.5303129999999998,12.816403139661729,0.19343800000000008,8.66138969777691,1.183113,6.332397460830377,0
multi-session-002,multi-boot-002,train,23,46.0,48.0,1.193183,0.022905383886763404,0.12759299999999998,13.068593557994335,1.0704040000000001,8.520610528018752,-0.4771310000000002,6.495708308347828,0
multi-session-002,multi-boot-002,train,24,48.0,50.0,1.191331,0.020146933736923833,-1.8116500000000002,12.817712210940766,-1.8212250000000003,8.200181741319822,-0.390184,6.602542797403437,0
multi-session-002,multi-boot-002,train,25,50.0,52.0,1.195576,0.02255608618532923,2.9660250000000006,12.214893278488969,2.3899060000000003,7.905926693042631,1.191958,6.33558508562832,0
multi-session-002,multi-boot-002,train,26,52.0,54.0,1.195682,0.020560327721123508,-3.4863009999999997,11.991903931699046,-2.298397,8.009999652290317,-1.5938039999999998,6.062807813429682,0
multi-session-002,multi-boot-002,train,27,54.0,56.0,1.197193,0.02056666358454867,3.2272080000000005,12.191885989662797,1.5474380000000003,8.36413221694612,1.659823,5.965116650793259,0
multi-session-002,multi-boot-002,train,28,56.0,58.0,1.195473,0.02385745105831719,-2.2128929999999998,12.680234827756582,-0.6320299999999998,8.660619650111649,-1.3503500000000002,6.201323910609734,0
multi-session-002,multi-boot-002,train,29,58.0,60.0,1.193314,0.02177190859800766,0.5125509999999999,12.973367385551795,-0.461482,8.640687764748591,0.7655689999999998,6.422561273007755,0
multi-session-003,multi-boot-003,train,0,0.0,2.0,1.185803,0.022011476347578315,-3.6510519999999995,11.399722881030748,-2.157705,7.758444849728262,-1.7367360000000003,5.790130218164701,0
multi-session-003,multi-boot-003,train,1,2.0,4.0,1.1915419999999997,0.020146876581743384,3.638824,11.524789509219856,2.1234390000000003,7.6253708159262,1.713377,5.8191625863667875,0
multi-session-003,multi-boot-003,train,2,4.0,6.0,1.185747,0.02042151049751218,-3.5655170000000003,11.421547626071126,-2.06221,7.813672801026416,-1.7510360000000003,5.761784123906761,0
multi-session-003,multi-boot-003,train,3,6.0,8.0,1.188936,0.021327487053096523,3.6089790000000006,11.477378959050666,2.0151939999999997,7.801977134686053,1.7196009999999995,5.766378429629727,0
multi-session-003,multi-boot-003,train,4,8.0,10.0,1.181621,0.01963748606619493,-3.3757910000000004,11.532573850794064,-1.9148310000000004,7.809652195657563,-1.7458390000000004,5.771169883479345,0
multi-session-003,multi-boot-003,train,5,10.0,12.0,1.188136,0.02360920803415481,3.3910660000000004,11.542053192272336,1.9139589999999997,7.769385769867461,1.749272,5.703123856994165,0
multi-session-003,multi-boot-003,train,6,12.0,14.0,1.1851760000000002,0.02021908069126784,-3.331032000000001,11.552030531191303,-1.704639,7.83078061049976,-1.7966490000000002,5.76458117634742,0
multi-session-003,multi-boot-003,train,7,14.0,16.0,1.1904019999999997,0.020622875551193152,3.254515,11.516567709290603,1.5759299999999998,7.832098113475086,1.7632059999999998,5.723425073883994,0
multi-session-003,multi-boot-003,train,8,16.0,18.0,1.1849769999999997,0.02000143422357507,-3.1093600000000006,11.6483106911775,-1.4768430000000003,7.967558283379607,-1.738249,5.785460107761439,0
multi-session-003,multi-boot-003,train,9,18.0,20.0,1.189003,0.02182933097921236,3.0133010000000002,11.679902701867812,1.424207,7.9436147268892014,1.6790389999999997,5.727926078082624,0
multi-session-003,multi-boot-003,train,10,20.0,22.0,1.186137,0.01987354852561565,-2.960937,11.687448179835108,-1.261979,8.045806074760876,-1.762693,5.720361367383271,0
multi-session-003,multi-boot-003,train,11,22.0,24.0,1.187031,0.018709455871296733,2.834326,11.702534682790903,1.1001589999999999,8.036818434618203,1.767998,5.7478805706795955,0
multi-session-003,multi-boot-003,train,12,24.0,26.0,1.1869450000000001,0.022018235056425396,-2.655671,11.806090706167685,-1.03814,7.9600564653148025,-1.7285989999999998,5.692904333211564,0
multi-session-003,multi-boot-003,train,13,26.0,28.0,1.189882,0.01873069875898922,2.488718,11.72191075676982,0.954592,8.082839469600765,1.6871340000000001,5.765634158064836,0
multi-session-003,multi-boot-003,train,14,28.0,30.0,1.1878650000000002,0.01924095306891008,-2.2289289999999995,11.893761192064476,-0.6639090000000002,7.9482059658276984,-1.566253,5.86939158195217,0
multi-session-003,multi-boot-003,train,15,30.0,32.0,1.19048,0.021313005419227017,2.1822029999999994,11.889855057118695,0.5644659999999999,7.977677491641536,1.5063279999999997,5.840998370297324,0
multi-session-003,multi-boot-003,train,16,32.0,34.0,1.185172,0.021408087630612863,-1.9967800000000002,11.96359177562491,-0.46046399999999976,8.119803740627233,-1.4098510000000002,5.929512127241076,0
multi-session-003,multi-boot-003,train,17,34.0,36.0,1.187239,0.02121736503432978,1.8295519999999998,12.019829784755522,0.373364,8.106463015921555,1.335352,5.894315828159872,0
multi-session-003,multi-boot-003,train,18,36.0,38.0,1.188677,0.021489908585194114,-1.608503,11.935358499898149,-0.26306699999999983,8.044980182064528,-1.2737399999999999,5.948660570649497,0
multi-session-003,multi-boot-003,train,19,38.0,40.0,1.185231,0.020431116929820557,1.4508759999999998,11.994103616411858,0.0026500000000000056,8.059658456156813,1.144843,5.887499532148687,0
multi-session-003,multi-boot-003,train,20,40.0,42.0,1.1868250000000002,0.01910526825250041,-1.1864309999999998,12.031489908624742,0.15434299999999992,8.051570737790918,-1.0820579999999997,5.987177656829302,0
multi-session-003,multi-boot-003,train,21,42.0,44.0,1.185857,0.020765934869396076,1.0316490000000003,11.907956088561084,-0.23944699999999997,8.137807122332834,1.0127629999999999,6.030059732899087,0
multi-session-003,multi-boot-003,train,22,44.0,46.0,1.188057,0.01775273643695529,-0.8441689999999997,12.060534671984447,0.3658370000000001,8.064548085375337,-0.9103230000000001,6.004005346997203,0
multi-session-003,multi-boot-003,train,23,46.0,48.0,1.185958,0.023656661556525675,0.6910329999999996,12.065624932543319,-0.6082310000000001,8.021700931619117,0.868242,6.027491979773677,0
multi-session-003,multi-boot-003,train,24,48.0,50.0,1.187232,0.02177824547570351,-0.36270600000000003,12.10023993630556,0.589914,7.947752830064861,-0.7584280000000001,6.00298526879885,0
multi-session-003,multi-boot-003,train,25,50.0,52.0,1.188047,0.020569241381246904,0.3043949999999999,12.149379762122631,-0.699258,7.933794717248236,0.565676,6.0290404362737515,0
multi-session-003,multi-boot-003,train,26,52.0,54.0,1.187851,0.01837065864360884,0.05115100000000013,12.073258745255938,0.940599,8.022293662257635,-0.5137280000000001,6.00719603638969,0
multi-session-003,multi-boot-003,train,27,54.0,56.0,1.191238,0.020651817256599963,-0.272801,12.113807901576571,-1.089818,8.012419145319097,0.4978649999999999,5.972727004298372,0
multi-session-003,multi-boot-003,train,28,56.0,58.0,1.1852420000000001,0.01928697062786171,0.40753,12.16892107768392,1.1762899999999998,7.96664706754981,-0.32758899999999996,6.1524858754798455,0
multi-session-003,multi-boot-003,train,29,58.0,60.0,1.1881270000000002,0.01972027309648626,-0.67714,12.021813798358384,-1.3322999999999998,7.951236342833735,0.26798400000000006,6.012891547395812,0
multi-session-004,multi-boot-004,train,0,0.0,2.0,1.209879,0.022148107345775617,0.5517080000000001,14.47348496983833,-0.210032,9.640754561369976,0.5160469999999998,7.156044440966741,0
multi-session-004,multi-boot-004,train,1,2.0,4.0,1.21452,0.018233831193690472,2.2843360000000006,13.226879313523051,1.2302239999999995,9.027241329831833,1.100425,6.639603453239884,0
multi-session-004,multi-boot-004,train,2,4.0,6.0,1.2115369999999999,0.023444818851934,0.481399,14.463762432634843,0.84248,9.44092342452792,-0.07709800000000006,7.331925135774096,0
multi-session-004,multi-boot-004,train,3,6.0,8.0,1.211894,0.01993241992333094,-1.8565759999999998,13.504479938813786,-0.8331780000000002,9.444412209646295,-0.934544,6.638305550459695,0
multi-session-004,multi-boot-004,train,4,8.0,10.0,1.213237,0.02077643691781631,-1.5403790000000002,13.898053511008621,-1.381993,8.964244588299174,-0.5923919999999999,7.197802967109895,0
multi-session-004,multi-boot-004,train,5,10.0,12.0,1.2101419999999998,0.019639863441480443,1.092554,14.246255517331,0.08202899999999999,9.696588548002799,0.685172,6.991194067140176,0
multi-session-004,multi-boot-004,train,6,12.0,14.0,1.2142450000000002,0.01960625091648069,2.127798,13.40729232768481,1.442235,8.804891160433217,0.879163,6.8387004976772445,0
multi-session-004,multi-boot-004,train,7,14.0,16.0,1.2118120000000001,0.020727557887990564,0.06774499999999982,14.52854234481474,0.49521800000000005,9.552929428226506,-0.23155200000000004,7.345811460927649,0
multi-session-004,multi-boot-004,train,8,16.0,18.0,1.213665,0.022279189280581993,-2.1006769999999992,13.32623342787342,-1.089912,9.160523290197782,-1.07306,6.721396678533413,0
multi-session-004,multi-boot-004,train,9,18.0,20.0,1.210689,0.020986090131322698,-1.1430739999999995,14.159887249435428,-1.1046889999999998,9.072542377491493,-0.33033999999999997,7.229277582511271,0
multi-session-004,multi-boot-004,train,10,20.0,22.0,1.2103789999999999,0.019088264955202192,1.4512129999999999,13.840397734600367,0.5211200000000001,9.599129182076881,1.0225739999999996,6.824595143532252,0
multi-session-004,multi-boot-004,train,11,22.0,24.0,1.214062,0.02321229751661822,1.8968129999999999,13.513939393223984,1.4304229999999998,8.803987032008338,0.6421429999999999,6.995278825840397,0
multi-session-004,multi-boot-004,train,12,24.0,26.0,1.21152,0.018025698322117794,-0.4925970000000002,14.577035180347579,0.19076499999999993,9.653501165767526,-0.490806,7.1845712355410605,0
multi-session-004,multi-boot-004,train,13,26.0,28.0,1.214429,0.023663525920707595,-2.145965,13.174375476525443,-1.2651930000000002,8.935756182542752,-1.081313,6.63159860847526,0
multi-session-004,multi-boot-004,train,14,28.0,30.0,1.211738,0.020673160280905278,-0.623867,14.548578022075251,-0.8796359999999999,9.319276962688898,0.027813999999999846,7.29382187447733,0
multi-session-004,multi-boot-004,train,15,30.0,32.0,1.21251,0.020342691562327736,1.825676,13.585736291199826,0.8964729999999999,9.433288329059545,0.9950709999999998,6.726182629386375,0
multi-session-004,multi-boot-004,train,16,32.0,34.0,1.209615,0.01941648977029576,1.5935600000000003,13.926867094016515,1.2978899999999998,9.014657616609739,0.474636,7.145724960471401,0
multi-session-004,multi-boot-004,train,17,34.0,36.0,1.2119119999999999,0.0206339006491744,-1.0922429999999996,14.29428705645899,-0.11704199999999998,9.72928216766458,-0.7653580000000002,7.011822553918203,0
multi-session-004,multi-boot-004,train,18,36.0,38.0,1.2142540000000002,0.020104698057916714,-2.0889359999999995,13.274286153059379,-1.4067409999999998,8.839349703186258,-0.9699139999999999,6.8199586198600946,0
multi-session-004,multi-boot-004,train,19,38.0,40.0,1.211798,0.02256206985185535,-0.11579000000000018,14.657514472607557,-0.51017,9.49456230849532,0.2594459999999999,7.311569075724034,0
multi-session-004,multi-boot-004,train,20,40.0,42.0,1.215625,0.021264850693103868,2.0855800000000007,13.291698329822266,1.048391,9.095806888232566,1.0812619999999997,6.6909271106294375,0
multi-session-004,multi-boot-004,train,21,42.0,44.0,1.215707,0.021767412593140228,1.1345589999999999,14.160346889515774,1.152522,9.161539003852791,0.22722900000000007,7.236806529931486,0
multi-session-004,multi-boot-004,train,22,44.0,46.0,1.213123,0.017914730558956225,-1.358489,13.89293248577056,-0.5888989999999997,9.629673460543664,-0.9322060000000002,6.819584404079475,0
multi-session-004,multi-boot-004,train,23,46.0,48.0,1.209795,0.02040972991002086,-1.8073030000000003,13.531116367147648,-1.3594989999999998,8.834758918131213,-0.8174499999999999,6.918648431124392,0
multi-session-004,multi-boot-004,train,24,48.0,50.0,1.213125,0.02167312333282861,0.5455500000000004,14.520758965794453,-0.2740769999999999,9.773380567703839,0.5026390000000001,7.155302594382643,0
multi-session-004,multi-boot-004,train,25,50.0,52.0,1.211455,0.01921837337029333,2.1799990000000005,13.2960496952854,1.2832230000000004,9.037122823707278,1.0955710000000003,6.582169857034914,0
multi-session-004,multi-boot-004,train,26,52.0,54.0,1.211236,0.020653384807338485,0.5947659999999998,14.513989685715089,0.953052,9.390862223411437,-0.014753000000000016,7.365638908899281,0
multi-session-004,multi-boot-004,train,27,54.0,56.0,1.2127759999999999,0.021869216355416114,-1.8360290000000001,13.525933750150449,-0.8952479999999998,9.471237354944495,-1.1214860000000002,6.770743168796466,0
multi-session-004,multi-boot-004,train,28,56.0,58.0,1.210946,0.01896943024974657,-1.587267,13.915707688853306,-1.2668490000000001,8.994883983593063,-0.517157,7.090411062248155,0
multi-session-004,multi-boot-004,train,29,58.0,60.0,1.212786,0.019871145009787424,1.0578,14.238346920180023,0.11667600000000009,9.685393180724466,0.7117219999999999,7.0322426924926305,0
multi-session-005,multi-boot-005,train,0,0.0,2.0,1.200431,0.01982089652361871,-0.4272300000000001,13.419364841098105,-0.14966699999999994,8.77581974910669,-0.327346,6.704679864518813,0
multi-session-005,multi-boot-005,train,1,2.0,4.0,1.204457,0.02093231594926849,-0.3516550000000001,13.329958223178158,-0.170337,8.862680335583079,-0.2616569999999999,6.742669663957369,0
multi-session-005,multi-boot-005,train,2,4.0,6.0,1.2045649999999999,0.02117765036542062,-0.2920970000000001,13.262163295280713,-0.13148600000000005,8.823526687634827,-0.091628,6.726852153913895,0
multi-session-005,multi-boot-005,train,3,6.0,8.0,1.2036470000000001,0.021667470803026365,-0.2934809999999999,13.25631606585853,-0.012953000000000168,8.775948539599067,-0.2595569999999999,6.647779084886245,0
multi-session-005,multi-boot-005,train,4,8.0,10.0,1.2043259999999998,0.019446205902437636,-0.15884700000000013,13.14258542187537,-0.012486999999999894,8.804229071993243,-0.23021600000000003,6.605435531071665,0
multi-session-005,multi-boot-005,train,5,10.0,12.0,1.202714,0.020060463703513932,-0.08328500000000007,13.107806090207278,0.003353000000000024,8.70910768424016,-0.07710600000000004,6.533707509398014,0
multi-session-005,multi-boot-005,train,6,12.0,14.0,1.2048550000000002,0.021300461849452938,0.049798000000000196,13.137742571872689,0.07667500000000001,8.864920905167457,-0.0054089999999999815,6.675342967819631,0
multi-session-005,multi-boot-005,train,7,14.0,16.0,1.205958,0.02309078682072137,0.0814990000000001,13.09257078387965,0.19331000000000004,8.861751240398256,0.024365000000000046,6.655404821892879,0
multi-session-005,multi-boot-005,train,8,16.0,18.0,1.2067610000000002,0.020506110772157648,0.20858399999999996,13.100068522200333,0.22168900000000008,8.846357371120556,0.016027000000000093,6.574103208329711,0
multi-session-005,multi-boot-005,train,9,18.0,20.0,1.2060469999999999,0.02150940471049815,0.28015300000000015,13.204484742324896,0.16608499999999982,8.863012529691867,0.09453900000000008,6.621785956309597,0
multi-session-005,multi-boot-005,train,10,20.0,22.0,1.207767,0.02054544745192957,0.27015000000000006,13.232579533571675,0.24654799999999993,8.910733570873726,0.1528859999999999,6.619474227127408,0
multi-session-005,multi-boot-005,train,11,22.0,24.0,1.207702,0.021179499427512447,0.3445259999999999,13.304025627949008,0.24015299999999992,8.827420292593471,0.1260209999999999,6.612436446080899,0
multi-session-005,multi-boot-005,train,12,24.0,26.0,1.20634,0.02034014257570483,0.34281999999999996,13.323850757007149,0.21225400000000005,8.850932722175894,0.1830060000000001,6.69689717028446,0
multi-session-005,multi-boot-005,train,13,26.0,28.0,1.205263,0.02274747306845312,0.34752199999999983,13.29591079233446,0.25622300000000015,8.887596029465504,0.09653399999999995,6.682928152108475,0
multi-session-005,multi-boot-005,train,14,28.0,30.0,1.2055399999999998,0.02225192126536493,0.3481089999999999,13.20651870199028,0.20928900000000009,8.735584973153143,0.14453600000000003,6.66248825505186,0
multi-session-005,multi-boot-005,train,15,30.0,32.0,1.205791,0.020839626172270927,0.35047799999999996,13.194420459994294,0.00891999999999987,8.797818660554444,0.15886299999999998,6.767755486860543,0
multi-session-005,multi-boot-005,train,16,32.0,34.0,1.2048809999999999,0.019378362650131202,0.2100449999999998,13.150532773331848,0.05443700000000005,8.768012725785187,0.190648,6.585821558415927,0
multi-session-005,multi-boot-005,train,17,34.0,36.0,1.207632,0.020911637334269147,0.15882499999999977,13.109557796664042,-0.0848520000000002,8.719587910818722,0.13473200000000002,6.54475562202104,0
multi-session-005,multi-boot-005,train,18,36.0,38.0,1.2073810000000003,0.021748359455370427,0.04929299999999999,13.10183229463921,-0.011771000000000243,8.761514134615032,0.127305,6.619161801261169,0
multi-session-005,multi-boot-005,train,19,38.0,40.0,1.2059279999999999,0.020215326264990136,-0.07724599999999977,13.00657362331387,-0.21054599999999993,8.75043646913021,0.023720999999999926,6.530523402994509,0
multi-session-005,multi-boot-005,train,20,40.0,42.0,1.206211,0.01878510524325057,-0.200484,13.08083015744582,-0.21654900000000005,8.811957195362389,-0.07667300000000003,6.4340075747834655,0
multi-session-005,multi-boot-005,train,21,42.0,44.0,1.206213,0.020969309263778813,-0.2157659999999998,13.168189377672391,-0.16061800000000012,8.828092044585626,-0.16840100000000008,6.502485268349249,0
multi-session-005,multi-boot-005,train,22,44.0,46.0,1.2025970000000001,0.019938552881290053,-0.3408000000000001,13.191155437345131,-0.23408700000000005,8.857098034092825,-0.08061600000000001,6.513797636382635,0
multi-session-005,multi-boot-005,train,23,46.0,48.0,1.2047569999999999,0.019691065258131666,-0.30580199999999996,13.298379954046885,-0.31169300000000016,8.829904471207545,-0.1980379999999999,6.561245015296716,0
multi-session-005,multi-boot-005,train,24,48.0,50.0,1.203159,0.019684740765374596,-0.32939100000000004,13.366156591654123,-0.18111100000000005,8.812310850871013,-0.16187000000000004,6.633550886418223,0
multi-session-005,multi-boot-005,train,25,50.0,52.0,1.203083,0.019823410680304233,-0.37254099999999996,13.317112470284954,-0.19138299999999997,8.785309782074334,-0.216357,6.70175018005379,0
multi-session-005,multi-boot-005,train,26,52.0,54.0,1.20717,0.020492361991727555,-0.3670850000000001,13.208093200029857,-0.2520590000000001,8.781320506542224,-0.258917,6.663933966330323,0
multi-session-005,multi-boot-005,train,27,54.0,56.0,1.209683,0.02247857671206074,-0.29113299999999986,13.254862760391411,-0.20298399999999994,8.798450651139893,-0.16526800000000003,6.6304178580219215,0
multi-session-005,multi-boot-005,train,28,56.0,58.0,1.2052970000000003,0.017695420057178633,-0.195736,13.2448578762818,-0.07405399999999998,8.823867016285094,-0.27103099999999997,6.580006275843436,0
multi-session-005,multi-boot-005,train,29,58.0,60.0,1.20568,0.021322298187578182,-0.171985,13.078691412525755,0.03359000000000009,8.680880177107618,-0.17379300000000003,6.545984591522577,0
multi-session-006,multi-boot-006,train,0,0.0,2.0,1.196311,0.019781586867589764,-0.364674,13.264515841564819,-0.3306340000000001,8.624419260973113,-0.10304500000000001,6.619235125456339,0
multi-session-006,multi-boot-006,train,1,2.0,4.0,1.1962929999999998,0.02030438009396001,-0.169374,13.36322025519014,-0.21829500000000002,8.805990088688212,-0.08408600000000004,6.604153639809117,0
multi-session-006,multi-boot-006,train,2,4.0,6.0,1.200391,0.021495958201485213,0.07202200000000002,13.306459483495825,-0.0641549999999998,8.923154147434358,0.12641699999999992,6.745158952835063,0
multi-session-006,multi-boot-006,train,3,6.0,8.0,1.1961309999999998,0.021771682043425125,0.19066799999999995,13.30594470452121,0.03701999999999986,8.869301436652158,0.09166899999999992,6.609532173636724,0
multi-session-006,multi-boot-006,train,4,8.0,10.0,1.195318,0.02125605974775193,0.4255519999999999,13.215912890523152,0.08506199999999994,8.865126290761795,0.28907200000000005,6.566970387721876,0
multi-session-006,multi-boot-006,train,5,10.0,12.0,1.1935170000000002,0.02174657239658701,0.5005220000000002,13.055472315849626,0.3221310000000001,8.772907651522328,0.3680839999999999,6.528566117436815,0
multi-session-006,multi-boot-006,train,6,12.0,14.0,1.196903,0.024040010212144247,0.6046340000000002,12.918941892927762,0.3399939999999997,8.674428973181117,0.2413450000000001,6.5853724363375985,0
multi-session-006,multi-boot-006,train,7,14.0,16.0,1.198074,0.01959684474602991,0.5497869999999999,12.95186691231542,0.322984,8.65915430655581,0.23960200000000006,6.537946465014531,0
multi-session-006,multi-boot-006,train,8,16.0,18.0,1.199094,0.022658339833271104,0.528651,13.144333934517146,0.33552199999999993,8.577773572478817,0.16081799999999993,6.5793648525428345,0
multi-session-006,multi-boot-006,train,9,18.0,20.0,1.19461,0.02130728279251016,0.2233749999999999,13.326054184569227,0.34417500000000006,8.703817678264809,0.024871999999999988,6.698660211550964,0
multi-session-006,multi-boot-006,train,10,20.0,22.0,1.1950999999999998,0.021138831566574347,0.09359099999999985,13.319170089724771,0.21907299999999996,8.838294570061072,-0.00911699999999993,6.657593601701068,0
multi-session-006,multi-boot-006,train,11,22.0,24.0,1.197006,0.02097436921578335,-0.0393490000000002,13.309750852923543,0.036633000000000034,8.902514975781338,-0.15829899999999997,6.693739678976095,0
multi-session-006,multi-boot-006,train,12,24.0,26.0,1.194945,0.020871662008570376,-0.331151,13.245001233065214,-0.05592500000000009,8.908267174904164,-0.279706,6.553866451367773,0
multi-session-006,multi-boot-006,train,13,26.0,28.0,1.1962399999999997,0.01878863486259713,-0.392487,13.074486811111594,-0.22410400000000005,8.818563247127278,-0.22569099999999997,6.385322224572461,0
multi-session-006,multi-boot-006,train,14,28.0,30.0,1.1972200000000002,0.020985161424206398,-0.5638099999999998,13.00620154120718,-0.3122419999999997,8.674740482068383,-0.2076010000000001,6.534587528933942,0
multi-session-006,multi-boot-006,train,15,30.0,32.0,1.195086,0.016527365307271464,-0.5397589999999999,12.934270967882922,-0.36539900000000003,8.7152251189111,-0.28825599999999996,6.486670777268104,0
multi-session-006,multi-boot-006,train,16,32.0,34.0,1.1978579999999999,0.02118790777778683,-0.5960949999999999,13.08315673603565,-0.26293199999999994,8.712632212160456,-0.14586599999999997,6.618245433711566,0
multi-session-006,multi-boot-006,train,17,34.0,36.0,1.200632,0.020109922327050393,-0.36233499999999985,13.155734002695365,-0.288491,8.64379659903095,-0.19146099999999996,6.688264714033005,0
multi-session-006,multi-boot-006,train,18,36.0,38.0,1.195891,0.020548810646847666,-0.17780900000000027,13.244617632692119,-0.28734299999999996,8.854281169776064,-0.00019100000000001226,6.720745885734633,0
multi-session-006,multi-boot-006,train,19,38.0,40.0,1.193453,0.01836460974265449,-0.017828000000000017,13.306037268346124,-0.0790449999999999,8.87069510255397,0.02479900000000006,6.722516182449769,0
multi-session-006,multi-boot-006,train,20,40.0,42.0,1.1957689999999999,0.022161902874076496,0.240305,13.330848579511919,0.03765099999999988,8.914133998044846,0.13812500000000025,6.570888515161021,0
multi-session-006,multi-boot-006,train,21,42.0,44.0,1.199923,0.02077114274660881,0.4114159999999998,13.17290971988892,0.10255200000000009,8.84908206018545,0.21199799999999996,6.547904564621875,0
multi-session-006,multi-boot-006,train,22,44.0,46.0,1.197951,0.02131797595926967,0.5583989999999999,13.006231417682026,0.16448399999999994,8.856250432917081,0.30307599999999996,6.542774527753803,0
multi-session-006,multi-boot-006,train,23,46.0,48.0,1.2001420000000003,0.019081368818824305,0.5874280000000002,12.902162777287225,0.3454640000000001,8.711344439057843,0.24893,6.464744831615552,0
multi-session-006,multi-boot-006,train,24,48.0,50.0,1.195249,0.01715442505594402,0.4834130000000001,12.98922127334549,0.37026200000000004,8.64459211489796,0.20206800000000005,6.492657980887026,0
multi-session-006,multi-boot-006,train,25,50.0,52.0,1.1994829999999999,0.019599132914493948,0.3814079999999999,13.189341761321373,0.27221399999999996,8.692598959448434,0.09805200000000003,6.634021039045324,0
multi-session-006,multi-boot-006,train,26,52.0,54.0,1.1963000000000001,0.022460356185955734,0.23197600000000024,13.30039374405224,0.315409,8.701984464570078,0.037959000000000014,6.752242932035177,0
multi-session-006,multi-boot-006,train,27,54.0,56.0,1.196287,0.02205584573304773,0.16454699999999975,13.31599510082108,0.20664400000000005,8.795636018905284,-0.04363499999999991,6.732462374397276,0
multi-session-006,multi-boot-006,train,28,56.0,58.0,1.1954740000000001,0.020841979848373333,-0.12343499999999999,13.346900375011232,0.12301899999999998,8.891188484558125,-0.1774930000000001,6.656545134771565,0
multi-session-006,multi-boot-006,train,29,58.0,60.0,1.1958380000000002,0.01911662512055933,-0.35461599999999976,13.25960110982016,-0.014773999999999985,8.997174598946271,-0.23027999999999993,6.575962824393093,0
multi-session-007,multi-boot-007,train,0,0.0,2.0,1.196097,0.020647621921180165,-1.1256720000000002,11.601335255263336,-0.697704,7.687323514148731,-0.5581650000000001,5.9345969137317995,0
multi-session-007,multi-boot-007,train,1,2.0,4.0,1.1953080000000003,0.022172589744998215,-0.6794129999999999,12.04857316326423,-0.6324830000000001,7.9114199427922545,-0.25838500000000003,6.196050589163632,0
multi-session-007,multi-boot-007,train,2,4.0,6.0,1.2008269999999999,0.02011920403495129,0.054594999999999956,12.38465758436926,-0.24432599999999996,8.196100759515101,0.23120200000000002,6.204768534312622,0
multi-session-007,multi-boot-007,train,3,6.0,8.0,1.1965350000000001,0.02130612763971906,0.7592040000000003,12.077250681979901,0.27472899999999983,8.149407676749213,0.46833600000000003,5.840550542483474,0
multi-session-007,multi-boot-007,train,4,8.0,10.0,1.199548,0.022731579267617992,0.9942460000000001,11.523429835569097,0.6803119999999997,7.749289938056002,0.4365349999999998,5.8762663433744216,0
multi-session-007,multi-boot-007,train,5,10.0,12.0,1.200738,0.020819316895614035,0.7855669999999998,12.008939843591982,0.6965970000000001,7.829641776485754,0.3151380000000001,6.070716303415603,0
multi-session-007,multi-boot-007,train,6,12.0,14.0,1.1978179999999998,0.022922191780019637,0.03113399999999996,12.37348487794138,0.3802850000000001,8.182671849040203,-0.13970400000000008,6.266763392436641,0
multi-session-007,multi-boot-007,train,7,14.0,16.0,1.196515,0.019621128280504163,-0.7879030000000004,11.98580325124232,-0.20316700000000004,8.246138480901894,-0.431895,5.908898239441512,0
multi-session-007,multi-boot-007,train,8,16.0,18.0,1.1979309999999999,0.01976620699577945,-1.024848,11.715503892615802,-0.700841,7.876912159089944,-0.4844670000000001,5.795456587190607,0
multi-session-007,multi-boot-007,train,9,18.0,20.0,1.200043,0.023011063665115534,-0.7325629999999999,11.905090845547168,-0.623971,7.691137745175223,-0.34062999999999993,6.143235310900926,0
multi-session-007,multi-boot-007,train,10,20.0,22.0,1.2004519999999999,0.021010937532628098,-0.11170900000000003,12.287988086567264,-0.43365299999999996,8.0689950242946,0.11049300000000004,6.22333879666301,0
multi-session-007,multi-boot-007,train,11,22.0,24.0,1.199835,0.02109292002070837,0.63048,12.166702783663288,0.219301,8.230484767405805,0.3517509999999999,5.9380649434053,0
multi-session-007,multi-boot-007,train,12,24.0,26.0,1.2012859999999999,0.021065792270883153,0.9805860000000003,11.712479969280801,0.6067100000000001,7.943389479831642,0.560265,5.7953240785028575,0
multi-session-007,multi-boot-007,train,13,26.0,28.0,1.1981670000000002,0.019458340396858103,0.9456760000000003,11.853276020983566,0.6758279999999998,7.705531797521569,0.363253,6.064001552629335,0
multi-session-007,multi-boot-007,train,14,28.0,30.0,1.2008,0.02043170575355861,0.25305000000000005,12.274356596877084,0.43082499999999996,8.050199260855285,-0.06084399999999993,6.209300004128002,0
multi-session-007,multi-boot-007,train,15,30.0,32.0,1.1945599999999998,0.01838957857048389,-0.6225099999999999,12.207702686455793,-0.06231399999999986,8.225725430988078,-0.45277199999999995,5.959753159889762,0
multi-session-007,multi-boot-007,train,16,32.0,34.0,1.199097,0.01908720752231715,-1.0685469999999997,11.677425568938173,-0.6793710000000002,7.904270165047435,-0.6065939999999999,5.7995250378254255,0
multi-session-007,multi-boot-007,train,17,34.0,36.0,1.194909,0.0214059622301825,-0.9239859999999999,11.924821833637768,-0.760868,7.733249197703123,-0.3849710000000001,5.979501511435464,0
multi-session-007,multi-boot-007,train,18,36.0,38.0,1.199553,0.018100024613242935,-0.22219900000000006,12.351081798291963,-0.4207600000000001,8.04426640911401,-0.04152499999999998,6.187942710148099,0
multi-session-007,multi-boot-007,train,19,38.0,40.0,1.2003059999999999,0.01985762735071841,0.4654369999999997,12.224833359425846,0.034124,8.149335748588593,0.3260329999999999,5.986804732360243,0
multi-session-007,multi-boot-007,train,20,40.0,42.0,1.2008750000000001,0.020082835332691448,0.9962619999999999,11.679204855149859,0.468005,8.059083282785641,0.601703,5.758137810984641,0
multi-session-007,multi-boot-007,train,21,42.0,44.0,1.198315,0.020710279452484465,0.981328,11.670967611137305,0.7079059999999999,7.74296200819583,0.3251180000000001,5.969256266711625,0
multi-session-007,multi-boot-007,train,22,44.0,46.0,1.1994379999999998,0.01839099116415426,0.3388620000000002,12.28737533514607,0.45058400000000004,7.938931712802674,0.04419799999999998,6.2026059229001484,0
multi-session-007,multi-boot-007,train,23,46.0,48.0,1.1956940000000003,0.025043437543596128,-0.45119400000000015,12.25404794548169,0.045676999999999926,8.244482101513169,-0.28512399999999977,6.104041531151635,0
multi-session-007,multi-boot-007,train,24,48.0,50.0,1.198417,0.024715683502585968,-0.999568,11.705319005203403,-0.5605529999999997,7.948334336431187,-0.580597,5.698062103653399,0
multi-session-007,multi-boot-007,train,25,50.0,52.0,1.196532,0.01988183029803846,-1.0274209999999997,11.645359347390658,-0.5857030000000001,7.785308515678168,-0.30846599999999996,6.004750323072892,0
multi-session-007,multi-boot-007,train,26,52.0,54.0,1.2005020000000002,0.020018646207973202,-0.525919,12.17675581155913,-0.510445,7.975920071030991,-0.05406399999999996,6.241334063299609,0
multi-session-007,multi-boot-007,train,27,54.0,56.0,1.1991660000000002,0.019409498808573088,0.30678200000000044,12.2222237320414,-0.03733699999999998,8.251099384429386,0.33242999999999995,6.060339083211433,0
multi-session-007,multi-boot-007,train,28,56.0,58.0,1.199032,0.02054380626855695,0.9601789999999998,11.770068508486219,0.44438299999999986,8.08277858919883,0.562853,5.934557138901857,0
multi-session-007,multi-boot-007,train,29,58.0,60.0,1.195458,0.020828630199799504,1.099334,11.75347305546935,0.6676899999999999,7.790263043383067,0.44531500000000007,5.888440897969088,0
multi-session-008,multi-boot-008,train,0,0.0,2.0,1.189933,0.021316163139739764,0.016088999999999753,13.703018943275929,0.0611260000000001,9.162355010832313,-0.0036360000000000394,6.859887945987457,0
multi-session-008,multi-boot-008,train,1,2.0,4.0,1.191755,0.02308431664572292,0.07699300000000003,13.861058047907129,-0.09533900000000023,9.258205130389962,-0.02778799999999999,6.8863651590121195,0
multi-session-008,multi-boot-008,train,2,4.0,6.0,1.188149,0.017689502508550087,0.06591599999999989,13.752568283253277,0.05207900000000002,9.077749027763382,-0.09064999999999995,6.86103898176508,0
multi-session-008,multi-boot-008,train,3,6.0,8.0,1.191965,0.021233875647182272,0.05792800000000014,13.840769035303492,0.07928899999999996,9.1092510442066,-0.01100000000000005,6.887589762391485,0
multi-session-008,multi-boot-008,train,4,8.0,10.0,1.186372,0.019487196206740456,0.032250999999999974,13.859908627256495,-0.024750999999999995,9.122809399833969,0.02091000000000013,6.8838066790475745,0
multi-session-008,multi-boot-008,train,5,10.0,12.0,1.1864139999999999,0.017900178881787746,0.029223999999999906,13.786533969030216,0.054447999999999885,9.14224593515707,0.05963699999999992,7.012850227227942,0
multi-session-008,multi-boot-008,train,6,12.0,14.0,1.192265,0.020179308090219544,0.07428499999999995,13.804436806537057,0.03207399999999994,9.165289149040744,0.011553000000000058,6.864799223072079,0
multi-session-008,multi-boot-008,train,7,14.0,16.0,1.1910000000000003,0.02037938173743257,0.04514800000000013,13.746364797483588,0.08058400000000004,9.142454331980225,0.015349000000000066,6.8632575800489235,0
multi-session-008,multi-boot-008,train,8,16.0,18.0,1.190448,0.021961500313047833,-0.03471700000000005,13.716421426852232,0.001322000000000081,9.256162137361034,0.07420299999999998,6.962768806982679,0
multi-session-008,multi-boot-008,train,9,18.0,20.0,1.1916559999999998,0.02198420942403889,0.115853,13.745416534921414,0.04659000000000004,9.195836148904569,0.06375899999999991,6.980411933376066,0
multi-session-008,multi-boot-008,train,10,20.0,22.0,1.1911749999999999,0.01988232066434902,0.10927999999999992,13.809392975333852,0.044996000000000064,9.163436663751433,-0.059976000000000036,6.82867466770998,0
multi-session-008,multi-boot-008,train,11,22.0,24.0,1.189847,0.020552427861447425,0.04936299999999991,13.728018040151717,0.007854000000000028,9.204302830724552,-0.0005700000000000216,6.909023189532656,0
multi-session-008,multi-boot-008,train,12,24.0,26.0,1.194971,0.022437278333166867,0.09716999999999994,13.79517193163246,0.08732200000000007,9.24631052657848,0.127027,6.925559463824638,0
multi-session-008,multi-boot-008,train,13,26.0,28.0,1.18931,0.021063525345962394,0.022530999999999964,13.725631678357797,-0.029946999999999876,9.220516371673064,0.12059699999999988,6.936096283277143,0
multi-session-008,multi-boot-008,train,14,28.0,30.0,1.191078,0.021367080193606225,-0.0014770000000001815,13.812959923368018,0.044146999999999964,9.12385651495523,0.010216999999999983,6.9637072010683365,0
multi-session-008,multi-boot-008,train,15,30.0,32.0,1.188302,0.022272224765388832,0.011858999999999967,13.798150707903542,0.03126599999999988,9.21361679431286,-0.01862700000000001,6.917218482682978,0
multi-session-008,multi-boot-008,train,16,32.0,34.0,1.189604,0.017632044237694055,0.04736400000000003,13.706987887428223,0.07486800000000012,9.210312873088295,0.015318000000000005,6.869991130232701,0
multi-session-008,multi-boot-008,train,17,34.0,36.0,1.1917229999999999,0.0213321487665917,0.14436499999999997,13.83120901824114,0.016735000000000024,9.225004090377142,-0.040164999999999965,6.880179494829695,0
multi-session-008,multi-boot-008,train,18,36.0,38.0,1.188096,0.019610093931442554,0.134586,13.789056697831219,-0.014219000000000027,9.172869877216126,-0.05575000000000005,6.93696966407523,0
multi-session-008,multi-boot-008,train,19,38.0,40.0,1.191767,0.020671260508251545,0.14236000000000018,13.855587736476572,0.07233000000000005,9.1206942863304,0.07350100000000005,6.873527280028719,0
multi-session-008,multi-boot-008,train,20,40.0,42.0,1.189333,0.021835759913499692,0.08297899999999984,13.834773658230155,0.07762699999999992,9.21587933351837,-0.03454200000000009,6.890655747868703,0
multi-session-008,multi-boot-008,train,21,42.0,44.0,1.186064,0.023503840196869963,0.043870000000000006,13.753686843406753,-8.699999999999264e-05,9.203235948737325,-0.142116,6.907694177563451,0
multi-session-008,multi-boot-008,train,22,44.0,46.0,1.189743,0.023035525845962374,0.04334499999999999,13.71742600760343,0.10709900000000004,9.15870201932015,0.055373,6.935492847388064,0
multi-session-008,multi-boot-008,train,23,46.0,48.0,1.18695,0.018467233144139374,0.04975200000000015,13.788272745906067,0.10550299999999996,9.132156685881544,-0.02292600000000007,6.915839031160572,0
multi-session-008,multi-boot-008,train,24,48.0,50.0,1.189185,0.020185878108222095,0.0694200000000001,13.77124044219692,0.02724699999999997,9.255448097898395,0.043859999999999906,6.950440535563196,0
multi-session-008,multi-boot-008,train,25,50.0,52.0,1.184725,0.022769402166064875,0.09274799999999996,13.849515541126195,0.026028999999999948,9.229452078290402,-0.05669799999999997,6.857215602939432,0
multi-session-008,multi-boot-008,train,26,52.0,54.0,1.1912559999999999,0.021351849193922287,-0.0061949999999999505,13.830657131252838,0.06434500000000008,9.187345094502275,0.06198099999999997,6.951249791579857,0
multi-session-008,multi-boot-008,train,27,54.0,56.0,1.192146,0.020091781503888594,0.02153500000000015,13.867716364336092,-0.01218900000000005,9.215959270460075,-0.012699999999999888,6.871797802365841,0
multi-session-008,multi-boot-008,train,28,56.0,58.0,1.189262,0.020630805994919343,0.07129200000000005,13.774011741810591,-0.0032280000000000798,9.281591519648773,0.07484899999999994,6.886341999980759,0
multi-session-008,multi-boot-008,train,29,58.0,60.0,1.18827,0.021114291368644136,0.09010399999999973,13.770446436270102,0.035899000000000035,9.16535471789821,0.055123999999999944,6.930161953433988,0
multi-session-009,multi-boot-009,train,0,0.0,2.0,1.192748,0.01999420155945218,1.5960910000000001,11.924568618680468,1.4407210000000001,7.657002898044313,0.533082,6.1481183734599645,0
multi-session-009,multi-boot-009,train,1,2.0,4.0,1.1899499999999998,0.018315700914788936,-1.4480060000000003,12.10115772186959,-0.49657300000000004,8.417601815681888,-0.9880419999999996,5.959429288399687,0
multi-session-009,multi-boot-009,train,2,4.0,6.0,1.1901039999999998,0.021664362072306684,-1.688247,11.94564419668069,-1.277913,7.64903956431989,-0.5819730000000001,6.179451292321269,0
multi-session-009,multi-boot-009,train,3,6.0,8.0,1.196024,0.02185057491234499,1.5661680000000004,12.112859700267975,0.5500459999999999,8.326855669656105,1.010003,5.8007458457763,0
multi-session-009,multi-boot-009,train,4,8.0,10.0,1.190701,0.023058479980258888,1.639564,11.93608164829246,1.4439979999999997,7.651328815519301,0.506846,6.1336296051590855,0
multi-session-009,multi-boot-009,train,5,10.0,12.0,1.1936280000000001,0.021941130691010426,-1.546498,11.92100286584128,-0.4851579999999997,8.336303095835468,-0.987981,5.848793457572168,0
multi-session-009,multi-boot-009,train,6,12.0,14.0,1.1936619999999998,0.018184745145313423,-1.66787,12.05134740305415,-1.3691380000000002,7.702027007765943,-0.5976739999999999,6.213804219536048,0
multi-session-009,multi-boot-009,train,7,14.0,16.0,1.1942739999999998,0.022600622203824385,1.533415,12.121643819724907,0.5453549999999999,8.280786620151192,0.958231,5.827208155638427,0
multi-session-009,multi-boot-009,train,8,16.0,18.0,1.191645,0.020222553622131885,1.6312030000000002,12.09820900585252,1.3983219999999996,7.716220861880251,0.5364740000000001,6.222346313965818,0
multi-session-009,multi-boot-009,train,9,18.0,20.0,1.193185,0.0207409275347078,-1.589561,11.966549899397863,-0.55042,8.30461755390337,-0.9829660000000001,5.823547019990824,0
multi-session-009,multi-boot-009,train,10,20.0,22.0,1.194841,0.018751139138729687,-1.5499169999999998,12.054158405820417,-1.4116300000000004,7.74806957797231,-0.527126,6.128366518716387,0
multi-session-009,multi-boot-009,train,11,22.0,24.0,1.195778,0.022107946896987057,1.546027,12.00256780573103,0.5741930000000002,8.254115242111114,1.051206,5.8336318440885515,0
multi-session-009,multi-boot-009,train,12,24.0,26.0,1.1955999999999998,0.02123165561137426,1.5101559999999998,12.027264518296088,1.3409820000000001,7.713549605886773,0.49831900000000007,6.180912757573837,0
multi-session-009,multi-boot-009,train,13,26.0,28.0,1.196601,0.020375541686050953,-1.55903,11.966489902101618,-0.5916999999999999,8.347759186907586,-1.006376,5.7871356947305115,0
multi-session-009,multi-boot-009,train,14,28.0,30.0,1.1946370000000002,0.0217155918869369,-1.4706389999999998,11.99361900843857,-1.4243610000000002,7.7300131437908295,-0.46903100000000003,6.322652562788739,0
multi-session-009,multi-boot-009,train,15,30.0,32.0,1.197984,0.021618523168801328,1.7614510000000003,11.899848300238913,0.6645300000000001,8.254841897559276,1.046729,5.881813232384975,0
multi-session-009,multi-boot-009,train,16,32.0,34.0,1.1931649999999998,0.019462540301820846,1.3444159999999998,12.072911999204832,1.335412,7.6862368114608595,0.3914060000000001,6.321586632576034,0
multi-session-009,multi-boot-009,train,17,34.0,36.0,1.1916149999999999,0.019939640794156756,-1.6638459999999995,11.861701486544161,-0.6572950000000003,8.293329993764567,-1.0579520000000004,5.7917321624101366,0
multi-session-009,multi-boot-009,train,18,36.0,38.0,1.1939460000000002,0.02007198256276644,-1.4932080000000005,12.123546943742825,-1.3976390000000003,7.7259435570407184,-0.4844600000000001,6.112691658819378,0
multi-session-009,multi-boot-009,train,19,38.0,40.0,1.195905,0.01825733482740566,1.630114,11.903129152538167,0.6316279999999999,8.311920739312665,1.076775,5.777691653184254,0
multi-session-009,multi-boot-009,train,20,40.0,42.0,1.19922,0.023850941281215704,1.413681,12.135775718458998,1.291424,7.719126253704108,0.430993,6.2059949374335615,0
multi-session-009,multi-boot-009,train,21,42.0,44.0,1.191276,0.02171955395490433,-1.7862050000000003,11.817775975422574,-0.7827629999999998,8.276063519073002,-0.9650150000000001,5.839348436604464,0
multi-session-009,multi-boot-009,train,22,44.0,46.0,1.1904559999999997,0.02061895399868772,-1.351008,12.135668537939555,-1.385122,7.771906382536783,-0.4367440000000001,6.266596651521781,0
multi-session-009,multi-boot-009,train,23,46.0,48.0,1.195673,0.02019788035908718,1.6680150000000002,11.827354383583634,0.6818110000000002,8.252628633579667,1.007841,5.76460372142084,0
multi-session-009,multi-boot-009,train,24,48.0,50.0,1.194561,0.02228044835724811,1.3842850000000002,12.136836321137192,1.3349970000000002,7.721477572116039,0.4384019999999999,6.275705492547909,0
multi-session-009,multi-boot-009,train,25,50.0,52.0,1.1932429999999998,0.024267852212340506,-1.6479469999999998,11.851279253156218,-0.7258309999999999,8.238257562126774,-1.0372609999999998,5.735589948608513,0
multi-session-009,multi-boot-009,train,26,52.0,54.0,1.19255,0.022796493151359933,-1.267777,12.173288075017819,-1.2721980000000002,7.836744536897704,-0.348903,6.263773088298378,0
multi-session-009,multi-boot-009,train,27,54.0,56.0,1.1956349999999998,0.022035277965117648,1.8333150000000007,11.810855876475463,0.611666,8.273941117221224,0.98131,5.815706893534096,0
multi-session-009,multi-boot-009,train,28,56.0,58.0,1.191438,0.021603665337159805,1.3358199999999996,12.202319962089176,1.2323510000000002,7.77953352427374,0.30142100000000005,6.405095865001475,0
multi-session-009,multi-boot-009,train,29,58.0,60.0,1.191752,0.01854188490957703,-1.808051,11.810371394579384,-0.7373850000000002,8.272058397997139,-1.068967,5.776123808975272,0
multi-session-010,multi-boot-010,train,0,0.0,2.0,1.188969,0.02118020630211142,-2.2397880000000003,12.002934286942338,-0.9135230000000001,8.378286697957464,-1.3546850000000004,5.835511921132112,0
multi-session-010,multi-boot-010,train,1,2.0,4.0,1.187014,0.020269228007006083,-0.585792,12.811488866511027,-1.0846600000000002,8.194709466064065,0.09734599999999997,6.453961930758811,0
multi-session-010,multi-boot-010,train,2,4.0,6.0,1.1939220000000001,0.022496153360074697,2.704397,11.493303771931334,1.7549150000000002,7.675608880634487,1.2550219999999996,5.783525687581581,0
multi-session-010,multi-boot-010,train,3,6.0,8.0,1.1867649999999998,0.02012681482500399,-1.2287599999999999,12.504475242176298,-0.188099,8.591151392688817,-0.8620650000000001,6.089919157909652,0
multi-session-010,multi-boot-010,train,4,8.0,10.0,1.186216,0.02062176869233092,-1.6592560000000003,12.418153787808556,-1.558862,7.861528625398244,-0.477073,6.332195980398191,0
multi-session-010,multi-boot-010,train,5,10.0,12.0,1.1871720000000001,0.02211391001157416,2.5955870000000005,11.625593618268748,1.3769779999999998,8.098446195407858,1.4262460000000001,5.751291324918604,0
multi-session-010,multi-boot-010,train,6,12.0,14.0,1.1876259999999998,0.021756670793115395,-0.1935409999999999,12.897810929549983,0.5983190000000002,8.551037336635773,-0.439897,6.353807068812445,0
multi-session-010,multi-boot-010,train,7,14.0,16.0,1.1816,0.021024580851945644,-2.4090949999999998,11.778351974256628,-1.8357059999999998,7.730155109877421,-0.995016,6.056855140759435,0
multi-session-010,multi-boot-010,train,8,16.0,18.0,1.1857710000000001,0.02186664718241002,2.0523009999999995,12.220889312324982,0.764324,8.43852324541587,1.259553,5.904739132789103,0
multi-session-010,multi-boot-010,train,9,18.0,20.0,1.190828,0.020878750345746266,1.051591,12.668563718331253,1.253568,8.105130476344966,0.05125600000000009,6.421074918365616,0
multi-session-010,multi-boot-010,train,10,20.0,22.0,1.188685,0.021975287825191276,-2.751799,11.517883682130975,-1.71982,7.755726902128517,-1.2950500000000003,5.8209743581036335,0
multi-session-010,multi-boot-010,train,11,22.0,24.0,1.190973,0.01965036821537958,0.9326139999999999,12.811116767003725,-0.07714200000000009,8.590426772729979,0.9332870000000001,6.287072830286842,0
multi-session-010,multi-boot-010,train,12,24.0,26.0,1.18936,0.022574051475089722,1.9441890000000004,12.100022633250692,1.72354,7.733421493258983,0.720615,6.1984038221847895,0
multi-session-010,multi-boot-010,train,13,26.0,28.0,1.185473,0.02099924215299209,-2.4924709999999997,11.728166221437135,-1.22626,8.14452746112382,-1.4193030000000002,5.754730770791193,0
multi-session-010,multi-boot-010,train,14,28.0,30.0,1.18559,0.021176857651691385,-0.24903599999999984,12.915153686538305,-0.9532489999999999,8.332753500104213,0.32371900000000003,6.444226644535324,0
multi-session-010,multi-boot-010,train,15,30.0,32.0,1.19006,0.0185875818760806,2.5248089999999994,11.685169017092523,1.822863,7.684805996844098,1.1239,5.965127001196202,0
multi-session-010,multi-boot-010,train,16,32.0,34.0,1.188546,0.02093835437659798,-1.6723079999999997,12.445130409053013,-0.518194,8.515818844325189,-1.084372,5.951952673250687,0
multi-session-010,multi-boot-010,train,17,34.0,36.0,1.1853949999999998,0.020319667197077812,-1.4363029999999997,12.393527834716433,-1.4105400000000001,8.034953286995513,-0.3156300000000001,6.299360756433941,0
multi-session-010,multi-boot-010,train,18,36.0,38.0,1.1890810000000003,0.020371375481297273,2.6467879999999995,11.543728337918214,1.502302,7.807988542281296,1.2827630000000005,5.817699041694319,0
multi-session-010,multi-boot-010,train,19,38.0,40.0,1.190083,0.021417161599987987,-0.522344,12.852551819380615,0.28570500000000004,8.54204598318664,-0.7059240000000001,6.248436270429907,0
multi-session-010,multi-boot-010,train,20,40.0,42.0,1.188527,0.020030326282914106,-2.3020209999999994,11.842209868021214,-1.7700120000000001,7.746335875177115,-0.903668,6.107175588238478,0
multi-session-010,multi-boot-010,train,21,42.0,44.0,1.189395,0.018490015548938834,2.1829220000000005,11.866347347086887,1.0049800000000004,8.402591645034287,1.2882829999999996,5.795492138447864,0
multi-session-010,multi-boot-010,train,22,44.0,46.0,1.183993,0.022319284285119898,0.727065,12.773957558778525,1.046829,8.26707997549673,-0.08269000000000001,6.367448884262833,0
multi-session-010,multi-boot-010,train,23,46.0,48.0,1.188574,0.017956216862134406,-2.6799430000000006,11.427874000593944,-1.802756,7.763565673571905,-1.2275179999999999,5.895696087882753,0
multi-session-010,multi-boot-010,train,24,48.0,50.0,1.189111,0.021629266723585436,1.3730549999999997,12.512124852409162,0.30373000000000017,8.598228874372909,0.8680279999999998,6.08625816000406,0
multi-session-010,multi-boot-010,train,25,50.0,52.0,1.1868830000000001,0.022595570605762536,1.7441720000000003,12.311313538059862,1.5667989999999998,7.888909947698668,0.6610719999999998,6.434226640491924,0
multi-session-010,multi-boot-010,train,26,52.0,54.0,1.1862720000000002,0.02054237610404405,-2.5577490000000003,11.604885277567332,-1.3206810000000004,8.115354176543313,-1.3994089999999997,5.755814658918319,0
multi-session-010,multi-boot-010,train,27,54.0,56.0,1.1885839999999999,0.022317274564785005,0.17852700000000013,12.904019985104293,-0.5887899999999998,8.500309101891531,0.508481,6.458172521057254,0
multi-session-010,multi-boot-010,train,28,56.0,58.0,1.189242,0.018587243905431493,2.481254,11.717269227293704,1.815441,7.7200168359673285,0.9953930000000003,6.018419238658188,0
multi-session-010,multi-boot-010,train,29,58.0,60.0,1.184208,0.022004734399669545,-1.932928,12.086698378201383,-0.6939069999999999,8.417563223668177,-1.2974549999999996,5.935886537399027,0
multi-session-011,multi-boot-011,train,0,0.0,2.0,1.18412,0.019273972086728774,-2.74964,12.877362945704373,-2.31066,8.246810290469886,-0.9462969999999998,6.533812922795616,0
multi-session-011,multi-boot-011,train,1,2.0,4.0,1.192134,0.01940402133579532,3.3197050000000004,12.53244390582599,2.5095379999999996,8.218893598517747,1.276094,6.465936448617787,0
multi-session-011,multi-boot-011,train,2,4.0,6.0,1.18532,0.018393694571781943,-3.7012959999999997,12.294024486195886,-2.4501790000000003,8.322997547570168,-1.588453,6.221726107816946,0
multi-session-011,multi-boot-011,train,3,6.0,8.0,1.1875740000000001,0.020311605648003318,3.705032,12.331209020050549,2.3294179999999995,8.315985875016624,1.8762849999999998,6.321637815366758,0
multi-session-011,multi-boot-011,train,4,8.0,10.0,1.185996,0.022003108507663186,-3.635397,12.423223543029845,-1.9371060000000002,8.485710346032558,-1.8669710000000002,6.22038213609574,0
multi-session-011,multi-boot-011,train,5,10.0,12.0,1.1881650000000001,0.01676815061358885,3.217870999999999,12.552504040280528,1.425081,8.530823103648265,1.7444069999999998,6.1592412759568855,0
multi-session-011,multi-boot-011,train,6,12.0,14.0,1.18696,0.021555120041419382,-2.6054749999999998,12.81345509523778,-0.7973440000000003,8.858202131903742,-1.553889,6.3240992382614465,0
multi-session-011,multi-boot-011,train,7,14.0,16.0,1.1872270000000003,0.01904007276771809,1.9198700000000009,13.129627943315835,0.24823000000000003,8.873218673204216,1.3348139999999995,6.429818472461256,0
multi-session-011,multi-boot-011,train,8,16.0,18.0,1.190442,0.021317303675652786,-0.8601910000000004,13.234281845737566,0.429236,8.895034549775733,-1.0219759999999998,6.536906752296839,0
multi-session-011,multi-boot-011,train,9,18.0,20.0,1.190001,0.020638292056272475,-0.1810690000000001,13.260431518655002,-1.103843,8.728510627652978,0.4464749999999998,6.5915620160228325,0
multi-session-011,multi-boot-011,train,10,20.0,22.0,1.188589,0.020891552814475026,0.9415600000000001,13.250853835764698,1.5815220000000003,8.557030787739167,0.0019080000000000652,6.666643122196958,0
multi-session-011,multi-boot-011,train,11,22.0,24.0,1.1881880000000002,0.02004502571711995,-1.994855,13.016014580733804,-2.0523399999999996,8.36196606924472,-0.3643429999999999,6.634284517930401,0
multi-session-011,multi-boot-011,train,12,24.0,26.0,1.190716,0.020886376995544242,2.72311,12.753157366562212,2.4076489999999997,8.261138058929834,0.9958360000000002,6.564971137476843,0
multi-session-011,multi-boot-011,train,13,26.0,28.0,1.1851129999999999,0.021142410718742545,-3.258645000000001,12.544433467928116,-2.4737489999999998,8.2115932661268,-1.3807009999999997,6.308610771929031,0
multi-session-011,multi-boot-011,train,14,28.0,30.0,1.1906029999999999,0.023047088557993606,3.6433,12.444748377255364,2.4404130000000004,8.230932133405728,1.6546810000000003,6.316227201735147,0
multi-session-011,multi-boot-011,train,15,30.0,32.0,1.185049,0.02076827626453384,-3.8203619999999994,12.39045122047442,-2.2402219999999997,8.391274017711256,-1.77359,6.215513827440175,0
multi-session-011,multi-boot-011,train,16,32.0,34.0,1.189755,0.021435435031741255,3.6736760000000004,12.433882997552454,1.941693,8.440845079176077,1.8491949999999997,6.1802038880505386,0
multi-session-011,multi-boot-011,train,17,34.0,36.0,1.188111,0.02187358175973931,-3.2349189999999997,12.61862634767109,-1.4633170000000004,8.630185058561084,-1.8505380000000005,6.220083126032642,0
multi-session-011,multi-boot-011,train,18,36.0,38.0,1.18635,0.018990758278699667,2.584402,12.81363269614031,0.9614579999999999,8.776914972485264,1.6868750000000003,6.2775484893447855,0
multi-session-011,multi-boot-011,train,19,38.0,40.0,1.1882819999999998,0.02194274084976624,-1.8772359999999997,13.095988893531636,-0.2597520000000002,8.749934058477013,-1.3255379999999999,6.494604826927963,0
multi-session-011,multi-boot-011,train,20,40.0,42.0,1.185656,0.024686617103199863,0.9068780000000003,13.235994531561126,-0.418349,8.84798078442189,0.9470129999999998,6.5702221659644815,0
multi-session-011,multi-boot-011,train,21,42.0,44.0,1.1887510000000001,0.019354480075682728,0.07063799999999994,13.333991675239488,0.9997949999999998,8.77400156908323,-0.559542,6.664903824710151,0
multi-session-011,multi-boot-011,train,22,44.0,46.0,1.186693,0.019737924181635703,-1.048947,13.217070543554309,-1.538593,8.560314894584836,0.038585999999999884,6.677240896972642,0
multi-session-011,multi-boot-011,train,23,46.0,48.0,1.1919639999999998,0.018965228814860107,1.9535410000000002,13.004940219117465,2.0632499999999996,8.407565664988885,0.385489,6.6563011364104465,0
multi-session-011,multi-boot-011,train,24,48.0,50.0,1.186683,0.020717567690247803,-2.816112,12.7440629903754,-2.384952,8.31674795280559,-0.9975639999999999,6.519879280040697,0
multi-session-011,multi-boot-011,train,25,50.0,52.0,1.190663,0.020471270869196173,3.3762920000000003,12.629282806879257,2.4784740000000003,8.229213041775258,1.266242,6.329007268018896,0
multi-session-011,multi-boot-011,train,26,52.0,54.0,1.185756,0.019776978131150372,-3.600469,12.441673832235717,-2.502636,8.302020607773988,-1.7044480000000002,6.220028627787496,0
multi-session-011,multi-boot-011,train,27,54.0,56.0,1.186699,0.018320592212043813,3.787738,12.369192093890208,2.2080339999999996,8.273998121684825,1.914544,6.225452474131016,0
multi-session-011,multi-boot-011,train,28,56.0,58.0,1.184073,0.01906064980529258,-3.6266429999999996,12.44251853937341,-2.039336,8.4583606360987,-1.8420480000000004,6.20998838824164,0
multi-session-011,multi-boot-011,train,29,58.0,60.0,1.193071,0.01702442536475166,3.2129160000000003,12.680140432863666,1.471328,8.567201333260238,1.9031669999999996,6.283414512859309,0
multi-session-012,multi-boot-012,train,0,0.0,2.0,1.1967770000000002,0.02172386178836535,-2.685115,11.826514528299324,-1.1261570000000005,8.197445873102854,-1.4957259999999999,5.692408192243771,0
multi-session-012,multi-boot-012,train,1,2.0,4.0,1.198906,0.01828131734859389,0.9827970000000001,12.526381431622262,-0.1254460000000001,8.368988583244931,0.860573,6.119436011739236,0
multi-session-012,multi-boot-012,train,2,4.0,6.0,1.201373,0.02003992941604336,0.995881,12.498558119788818,1.4648519999999998,8.091790922255468,-0.039673999999999994,6.38642916593647,0
multi-session-012,multi-boot-012,train,3,6.0,8.0,1.19587,0.02081235930883378,-2.787489,11.821517174947513,-2.1410899999999997,7.633551650385291,-0.9856130000000002,6.027696032343619,0
multi-session-012,multi-boot-012,train,4,8.0,10.0,1.1986459999999999,0.021958080152873115,3.2028139999999996,11.321760551036398,1.96511,7.736926338378827,1.5151850000000002,5.898989811084183,0
multi-session-012,multi-boot-012,train,5,10.0,12.0,1.1988320000000001,0.022572394113163984,-2.4739050000000007,11.995300377117491,-0.965856,8.219017134698284,-1.5330550000000003,5.807995271595441,0
multi-session-012,multi-boot-012,train,6,12.0,14.0,1.2017069999999999,0.020450932766013386,0.7903490000000002,12.48266741594516,-0.3446639999999999,8.408981726089312,0.797488,6.292256056428092,0
multi-session-012,multi-boot-012,train,7,14.0,16.0,1.2030079999999999,0.020192823873841928,1.3580029999999998,12.369356442705133,1.4634390000000002,7.935679446712738,0.122709,6.360298683805581,0
multi-session-012,multi-boot-012,train,8,16.0,18.0,1.1960419999999998,0.019187965916167362,-2.8411969999999998,11.699052881523828,-2.114528,7.583246898368535,-1.07622,6.085512648150523,0
multi-session-012,multi-boot-012,train,9,18.0,20.0,1.2018790000000004,0.02072075430576793,3.2423970000000004,11.365609462668116,1.885165,7.773199316373857,1.5470219999999997,5.70856915972085,0
multi-session-012,multi-boot-012,train,10,20.0,22.0,1.199593,0.019766219947172495,-2.324617,12.131085951497129,-0.820418,8.217900715759226,-1.406927,5.844761406864356,0
multi-session-012,multi-boot-012,train,11,22.0,24.0,1.198415,0.02126908730999053,0.4293139999999996,12.623082947560947,-0.563478,8.441836868887954,0.6674389999999997,6.184260478891473,0
multi-session-012,multi-boot-012,train,12,24.0,26.0,1.1967480000000001,0.022521023422571177,1.5404620000000002,12.332443755337222,1.6890100000000001,7.9563288133724095,0.354928,6.3389036330595845,0
multi-session-012,multi-boot-012,train,13,26.0,28.0,1.199427,0.020317661553436707,-3.017165000000001,11.574811302871204,-2.187133,7.602169395377283,-1.212968,5.95841048345748,0
multi-session-012,multi-boot-012,train,14,28.0,30.0,1.2001490000000001,0.02192537568663305,3.1882590000000004,11.474831028246951,1.801848,7.836966337677865,1.724678,5.722421604069033,0
multi-session-012,multi-boot-012,train,15,30.0,32.0,1.196738,0.021783212710709137,-2.1094779999999997,12.19077909236797,-0.7016939999999995,8.401034279370844,-1.430892,5.889761197462593,0
multi-session-012,multi-boot-012,train,16,32.0,34.0,1.2001769999999998,0.021199584217620884,0.2150790000000001,12.611452350774632,-0.746173,8.283564017146906,0.628336,6.153301096948207,0
multi-session-012,multi-boot-012,train,17,34.0,36.0,1.2005199999999998,0.019159749476441498,1.7978170000000002,12.20498764079714,1.8391039999999998,7.946627037012874,0.4142429999999998,6.217850652697522,0
multi-session-012,multi-boot-012,train,18,36.0,38.0,1.1958379999999997,0.01930033046349208,-3.10252,11.580781073425056,-2.180897,7.614048214930808,-1.301025,5.872416548038379,0
multi-session-012,multi-boot-012,train,19,38.0,40.0,1.2019090000000001,0.020918575931453836,3.1197610000000005,11.635580244937463,1.61385,7.931921205578129,1.5922309999999995,5.824030833532649,0
multi-session-012,multi-boot-012,train,20,40.0,42.0,1.1996209999999998,0.021477547788330022,-1.9514040000000004,12.028376520328253,-0.477013,8.279435961376294,-1.361875,6.008476194616652,0
multi-session-012,multi-boot-012,train,21,42.0,44.0,1.197446,0.02160307579952446,0.007344000000000222,12.637493843783426,-0.919758,8.337215222509013,0.515148,6.236249673505383,0
multi-session-012,multi-boot-012,train,22,44.0,46.0,1.197381,0.019153588149482596,2.0034199999999998,12.131510391076619,1.9022239999999997,7.7534694542652325,0.56131,6.1817799011854175,0
multi-session-012,multi-boot-012,train,23,46.0,48.0,1.198795,0.01917032798363137,-3.1969559999999997,11.39462684621414,-2.0929029999999997,7.578396223442728,-1.4054920000000002,5.899279210491397,0
multi-session-012,multi-boot-012,train,24,48.0,50.0,1.1995170000000002,0.023249447541823436,3.085742,11.58062271583165,1.5084420000000003,8.074953303569997,1.6929800000000004,5.710101399870234,0
multi-session-012,multi-boot-012,train,25,50.0,52.0,1.197947,0.0200509074856975,-1.6722810000000004,12.25345655918113,-0.3919730000000001,8.402767174554523,-1.164933,5.995531885046647,0
multi-session-012,multi-boot-012,train,26,52.0,54.0,1.1976889999999998,0.021158127965394298,-0.2845090000000001,12.548211076046616,-1.0917970000000004,8.183667144715198,0.40901,6.278251300187019,0
multi-session-012,multi-boot-012,train,27,54.0,56.0,1.2033510000000003,0.02025944962233673,2.189562,12.08488232371983,1.953353,7.818358210103384,0.6169200000000001,6.267903518450168,0
multi-session-012,multi-boot-012,train,28,56.0,58.0,1.198708,0.02198699470141384,-3.1753029999999995,11.423540597104342,-2.010557,7.703197903822217,-1.3810029999999998,5.820015094919515,0
multi-session-012,multi-boot-012,train,29,58.0,60.0,1.198393,0.01947504688055975,3.023895,11.715463950184601,1.45469,8.171689252773872,1.662213,5.75052224224296,0
multi-session-013,multi-boot-013,calibration,0,0.0,2.0,1.2034380000000002,0.022375034212264343,-2.4380990000000002,13.272734127115596,-2.1951939999999994,8.65459710457766,-0.7159740000000001,6.757721066522649,0
multi-session-013,multi-boot-013,calibration,1,2.0,4.0,1.207566,0.020314468833813982,3.4341269999999993,12.784762674792637,2.518482,8.422625809667434,1.516848,6.627521700658248,0
multi-session-013,multi-boot-013,calibration,2,4.0,6.0,1.206638,0.01956554001299224,-3.725133,12.671002251401072,-2.069685,8.693572623500364,-1.8605730000000003,6.270074912245548,0
multi-session-013,multi-boot-013,calibration,3,6.0,8.0,1.2044730000000001,0.019399705435908042,2.76671,13.095605424045884,1.0747799999999998,9.055596922820714,1.759303,6.442206915917169,0
multi-session-013,multi-boot-013,calibration,4,8.0,10.0,1.2028910000000002,0.021123309849547724,-1.3111359999999996,13.682764934241325,0.2466500000000002,9.278268886645828,-1.159133,6.6931115374847145,0
multi-session-013,multi-boot-013,calibration,5,10.0,12.0,1.2049910000000001,0.021007584796925133,-0.5824390000000002,13.88525349371696,-1.277809,8.96310284058032,0.3140069999999998,6.962537254740616,0
multi-session-013,multi-boot-013,calibration,6,12.0,14.0,1.2056030000000002,0.021345470034646697,2.430033,13.306655743041187,2.2458739999999997,8.57004073489292,0.729012,6.86339894342854,0
multi-session-013,multi-boot-013,calibration,7,14.0,16.0,1.205474,0.021298552157365067,-3.5405839999999995,12.76628646943754,-2.4412140000000004,8.438742005370468,-1.4884469999999999,6.581501223162616,0
multi-session-013,multi-boot-013,calibration,8,16.0,18.0,1.205024,0.020681905714899675,3.5483519999999995,12.711553239077277,2.189479,8.674624781064539,1.8324280000000002,6.367459992855551,0
multi-session-013,multi-boot-013,calibration,9,18.0,20.0,1.2053710000000002,0.019335864578549362,-2.8423649999999996,13.062555461871733,-1.1760360000000003,9.06180591056242,-1.726832,6.51957788568984,0
multi-session-013,multi-boot-013,calibration,10,20.0,22.0,1.2094150000000001,0.02060079792143985,1.3071010000000003,13.719225106437282,-0.08192299999999998,9.277348577744128,1.1109510000000005,6.748724545904878,0
multi-session-013,multi-boot-013,calibration,11,22.0,24.0,1.2080099999999998,0.020240363139034837,0.6343190000000001,13.834751482847063,1.318425,9.109523360070767,-0.08003199999999994,6.890845998988513,0
multi-session-013,multi-boot-013,calibration,12,24.0,26.0,1.2033230000000001,0.021303562401626633,-2.4425250000000007,13.470024640819148,-2.2266450000000004,8.687808424411475,-0.6758970000000001,6.940119850671961,0
multi-session-013,multi-boot-013,calibration,13,26.0,28.0,1.2113189999999998,0.020595031900922118,3.426644,12.745941861920759,2.4767379999999997,8.398077096309368,1.5021020000000005,6.6455237083314955,0
multi-session-013,multi-boot-013,calibration,14,28.0,30.0,1.205695,0.018011892599057992,-3.5916779999999995,12.774613018839984,-2.0626100000000003,8.623960476074783,-1.895952,6.363443534447052,0
multi-session-013,multi-boot-013,calibration,15,30.0,32.0,1.209583,0.021517100431982,2.7834320000000004,13.231081777782796,1.126356,9.055342601164464,1.7494529999999997,6.390328233595752,0
multi-session-013,multi-boot-013,calibration,16,32.0,34.0,1.2046780000000001,0.021448060891371967,-1.2202160000000002,13.786433678640172,0.164296,9.23894069901869,-1.13691,6.627858302988982,0
multi-session-013,multi-boot-013,calibration,17,34.0,36.0,1.2076339999999999,0.022929004426708106,-0.557645,13.800589847194033,-1.2925010000000001,8.998969846115665,0.20926199999999986,7.019771156537512,0
multi-session-013,multi-boot-013,calibration,18,36.0,38.0,1.2010820000000002,0.020692319251355076,2.438472,13.405455994482844,2.2787120000000005,8.481213325913693,0.7111419999999999,6.810700760247509,0
multi-session-013,multi-boot-013,calibration,19,38.0,40.0,1.204089,0.017984453814336436,-3.510811,12.766455651800111,-2.538037,8.42617261051131,-1.4002340000000002,6.551367082727391,0
multi-session-013,multi-boot-013,calibration,20,40.0,42.0,1.210005,0.023694541037969072,3.6584260000000004,12.601052670357506,2.0575180000000004,8.65767477444585,1.74966,6.287226951112868,0
multi-session-013,multi-boot-013,calibration,21,42.0,44.0,1.204596,0.02002784521609851,-2.924013,13.135938022833809,-1.1615689999999999,9.071351195138407,-1.648085,6.394052879299248,0
multi-session-013,multi-boot-013,calibration,22,44.0,46.0,1.2046199999999998,0.020526592508256218,1.324493,13.766156737602946,-0.09601500000000007,9.205623996235941,1.122063,6.732035610996945,0
multi-session-013,multi-boot-013,calibration,23,46.0,48.0,1.205771,0.021422447549241413,0.5546389999999998,13.795788110774208,1.3788880000000001,9.093660422924094,-0.17175600000000002,6.910997094201675,0
multi-session-013,multi-boot-013,calibration,24,48.0,50.0,1.203563,0.019543232358031258,-2.3250019999999996,13.395209996718824,-2.165788,8.639917249086128,-0.677067,6.857939745040852,0
multi-session-013,multi-boot-013,calibration,25,50.0,52.0,1.2043390000000003,0.019016749958917795,3.413428,12.79468171536971,2.528216,8.444701510375841,1.461309,6.4691532399703595,0
multi-session-013,multi-boot-013,calibration,26,52.0,54.0,1.2051360000000002,0.02041102408013866,-3.6517510000000004,12.721843316143262,-2.0607059999999997,8.63762612271242,-1.8366490000000002,6.321259402516163,0
multi-session-013,multi-boot-013,calibration,27,54.0,56.0,1.2068579999999998,0.020898651535446015,2.846877,13.076596369735167,1.042523,9.088718064775197,1.6963360000000003,6.520837647212511,0
multi-session-013,multi-boot-013,calibration,28,56.0,58.0,1.207706,0.02010047671076486,-1.2695829999999997,13.646730299914738,0.15306199999999998,9.25462331186721,-1.1081450000000002,6.744978580549756,0
multi-session-013,multi-boot-013,calibration,29,58.0,60.0,1.205861,0.0223405769621109,-0.602993,13.887228512026832,-1.3180280000000002,9.087350120899712,0.30339900000000014,6.9056401172736335,0
multi-session-014,multi-boot-014,calibration,0,0.0,2.0,1.204457,0.01874126065663674,0.37706400000000023,14.283813438725106,0.5468199999999999,9.218352395846017,-0.12947600000000004,7.148445110611398,0
multi-session-014,multi-boot-014,calibration,1,2.0,4.0,1.2033179999999999,0.018610558186147996,-0.6948890000000004,13.99135735951945,-0.07986099999999985,9.56649766076274,-0.38527899999999987,6.827697282353618,0
multi-session-014,multi-boot-014,calibration,2,4.0,6.0,1.202258,0.020558230371313574,-1.288517,13.31623701876063,-0.8202750000000002,9.018990103580057,-0.659673,6.730353429751739,0
multi-session-014,multi-boot-014,calibration,3,6.0,8.0,1.207395,0.02076158652415561,-1.1225190000000003,13.682426408913697,-0.9557259999999996,8.92474455545502,-0.37578700000000004,7.06121567778035,0
multi-session-014,multi-boot-014,calibration,4,8.0,10.0,1.20498,0.022234068453614145,-0.09654000000000011,14.226686245644133,-0.4769719999999998,9.344105588038698,0.13496400000000006,7.094207756635268,0
multi-session-014,multi-boot-014,calibration,5,10.0,12.0,1.2052379999999998,0.02073883207897686,0.9711970000000001,13.926147005273604,0.3388279999999999,9.36779656278978,0.5651289999999999,6.758738379080745,0
multi-session-014,multi-boot-014,calibration,6,12.0,14.0,1.204316,0.02116886732916998,1.3628419999999999,13.309552071389781,0.8758819999999998,8.929597112259659,0.6607800000000001,6.6617589393492755,0
multi-session-014,multi-boot-014,calibration,7,14.0,16.0,1.203646,0.02144317336589901,1.0187319999999997,13.9476935795986,0.7669119999999999,9.001386968854078,0.27712400000000004,7.1174726459624695,0
multi-session-014,multi-boot-014,calibration,8,16.0,18.0,1.2034820000000002,0.02064524342312291,-0.0654199999999997,14.200841281065006,0.191051,9.523662591939038,-0.3227699999999999,6.989797448903653,0
multi-session-014,multi-boot-014,calibration,9,18.0,20.0,1.206092,0.020209045895341032,-1.1067380000000004,13.756351293906246,-0.43116200000000005,9.38032441164782,-0.727077,6.68496231631645,0
multi-session-014,multi-boot-014,calibration,10,20.0,22.0,1.205512,0.02159209244144717,-1.2957779999999999,13.330557249541972,-0.8967689999999999,8.950483172004683,-0.5961540000000002,6.78516245531999,0
multi-session-014,multi-boot-014,calibration,11,22.0,24.0,1.20605,0.02099285830943466,-0.574536,14.119801962927951,-0.7209549999999999,9.154778298608601,-0.175201,7.145529025082678,0
multi-session-014,multi-boot-014,calibration,12,24.0,26.0,1.2018399999999998,0.02126168384676998,0.42597899999999994,14.089897963280608,-0.03190799999999991,9.4932574333648,0.4761960000000001,6.884782147271182,0
multi-session-014,multi-boot-014,calibration,13,26.0,28.0,1.206303,0.022313549493525233,1.2143389999999996,13.448605801003279,0.637928,9.238360301482942,0.7084200000000002,6.594571162858129,0
multi-session-014,multi-boot-014,calibration,14,28.0,30.0,1.203793,0.01965101144979565,1.2938299999999998,13.458672717036404,0.8952650000000001,8.909101991406036,0.4369819999999999,6.981186164934724,0
multi-session-014,multi-boot-014,calibration,15,30.0,32.0,1.205114,0.02208386297729634,0.3998579999999999,14.175351679779801,0.6242179999999999,9.251147313272877,-0.03128699999999991,7.083873615863781,0
multi-session-014,multi-boot-014,calibration,16,32.0,34.0,1.201439,0.018051082488316317,-0.774034,14.08720691633526,-0.132442,9.464493136108029,-0.49970299999999995,7.027094460934121,0
multi-session-014,multi-boot-014,calibration,17,34.0,36.0,1.2053310000000002,0.021330882283674996,-1.3493499999999998,13.261295686330953,-0.7870699999999998,9.118952160774834,-0.5906600000000001,6.66283484171715,0
multi-session-014,multi-boot-014,calibration,18,36.0,38.0,1.201287,0.018241105531189714,-1.015784,13.693877209115904,-0.8923450000000002,8.948409333500283,-0.38203899999999996,6.956100314643184,0
multi-session-014,multi-boot-014,calibration,19,38.0,40.0,1.2073439999999998,0.022063274099734166,-0.11594799999999982,14.285118424412728,-0.546509,9.43223337227292,0.21204,7.172252485307527,0
multi-session-014,multi-boot-014,calibration,20,40.0,42.0,1.2066240000000001,0.021574114674767077,0.9416909999999997,13.794156810106916,0.303377,9.402274016809498,0.6213429999999999,6.824851069734123,0
multi-session-014,multi-boot-014,calibration,21,42.0,44.0,1.2076590000000003,0.02283229333641279,1.3734020000000005,13.347773850129315,0.841053,8.935189708948043,0.596928,6.734484346467515,0
multi-session-014,multi-boot-014,calibration,22,44.0,46.0,1.2034570000000002,0.018725374522289267,0.8623809999999998,13.813946398040606,0.761848,9.046919445628772,0.3581729999999999,7.069934854775609,0
multi-session-014,multi-boot-014,calibration,23,46.0,48.0,1.2029480000000001,0.021983318584781496,-0.17474400000000012,14.330298242390631,0.33521899999999993,9.493494709859958,-0.23387500000000003,7.082127330518352,0
multi-session-014,multi-boot-014,calibration,24,48.0,50.0,1.2066160000000001,0.01969472883794037,-1.1587029999999998,13.577040677139147,-0.455412,9.356061149835224,-0.6318499999999999,6.735195456889132,0
multi-session-014,multi-boot-014,calibration,25,50.0,52.0,1.2087630000000003,0.021253144026237628,-1.227547,13.341995214265781,-0.8917619999999999,8.822104636953474,-0.560557,6.866147349471245,0
multi-session-014,multi-boot-014,calibration,26,52.0,54.0,1.2044110000000001,0.02178092236338949,-0.5894829999999999,14.072529270661013,-0.69147,9.181493004054404,-0.18949499999999986,7.175079639591117,0
multi-session-014,multi-boot-014,calibration,27,54.0,56.0,1.204674,0.01951578140890086,0.4688730000000001,14.157330817840313,-0.03511499999999976,9.58525463230242,0.42008499999999993,7.031042201286733,0
multi-session-014,multi-boot-014,calibration,28,56.0,58.0,1.20325,0.021964751307492647,1.2257559999999998,13.43435022795163,0.6590050000000001,9.27435697061931,0.6890050000000001,6.682483805642556,0
multi-session-014,multi-boot-014,calibration,29,58.0,60.0,1.2043089999999999,0.02147476237353978,1.283091,13.495706395110224,0.9261750000000002,8.884422913260885,0.5286850000000001,6.847763787666379,0
multi-session-015,multi-boot-015,calibration,0,0.0,2.0,1.2061520000000001,0.0230335341621732,-3.8109450000000002,13.123182636703454,-2.659959,8.69778893002233,-1.610308,6.712739415971396,0
multi-session-015,multi-boot-015,calibration,1,2.0,4.0,1.209542,0.019768399935250203,3.912731,12.9702616589851,2.356205,8.788922586066793,1.8326959999999999,6.4830955670407935,0
multi-session-015,multi-boot-015,calibration,2,4.0,6.0,1.203187,0.022038247003788675,-3.709209,13.201486421067099,-1.8588909999999996,9.020059906320967,-1.918322,6.440273180596923,0
multi-session-015,multi-boot-015,calibration,3,6.0,8.0,1.2094289999999999,0.02207258614209037,3.020370000000001,13.46431839268145,1.2213150000000004,9.203432776539143,1.8262279999999997,6.590832685102543,0
multi-session-015,multi-boot-015,calibration,4,8.0,10.0,1.209046,0.020986087867918588,-2.15779,13.827088664433305,-0.35032300000000016,9.270358723241026,-1.4809469999999998,6.6506915537477,0
multi-session-015,multi-boot-015,calibration,5,10.0,12.0,1.205184,0.019469174199230943,0.8186700000000002,13.963493472469558,-0.476801,9.31027081464868,0.9938889999999998,6.8812849581440085,0
multi-session-015,multi-boot-015,calibration,6,12.0,14.0,1.208431,0.02134365336581347,0.3785739999999999,14.015550573092877,1.30391,9.249630858315374,-0.39979300000000006,7.098805803362351,0
multi-session-015,multi-boot-015,calibration,7,14.0,16.0,1.206061,0.01735673295871086,-1.60077,13.773798265660057,-1.9029889999999998,9.016226151953987,-0.19447099999999998,7.046045598110972,0
multi-session-015,multi-boot-015,calibration,8,16.0,18.0,1.2079229999999999,0.020026856243554554,2.6567519999999996,13.65096446269259,2.3819829999999995,8.766945793787652,0.7981940000000002,6.922148025039915,0
multi-session-015,multi-boot-015,calibration,9,18.0,20.0,1.203587,0.01975675912188029,-3.4741080000000006,13.315655475564693,-2.6360569999999997,8.723678833706053,-1.418269,6.845450723081645,0
multi-session-015,multi-boot-015,calibration,10,20.0,22.0,1.2073829999999999,0.020196688119590304,3.9576420000000008,12.927676608835634,2.516395999999999,8.765747800557806,1.7852800000000002,6.546950325380513,0
multi-session-015,multi-boot-015,calibration,11,22.0,24.0,1.206358,0.019913468708389313,-3.884038,12.95136724488021,-2.23455,8.86003813634569,-1.9292950000000002,6.543313358587909,0
multi-session-015,multi-boot-015,calibration,12,24.0,26.0,1.2087480000000002,0.023103997403046944,3.6055109999999995,13.27519250462226,1.6446809999999996,8.982078774790333,1.9975220000000002,6.528645786019945,0
multi-session-015,multi-boot-015,calibration,13,26.0,28.0,1.208425,0.019570219084108387,-2.7442,13.615963956275737,-0.8720600000000002,9.254807393911555,-1.718451,6.656853994635829,0
multi-session-015,multi-boot-015,calibration,14,28.0,30.0,1.209515,0.0214450990904682,1.5947699999999998,13.837118309687897,-0.012856999999999967,9.388796384566607,1.3151869999999997,6.804428572917126,0
multi-session-015,multi-boot-015,calibration,15,30.0,32.0,1.2092660000000002,0.02145742864371219,-0.45666500000000015,14.004640555832733,0.838713,9.320364912380361,-0.753065,6.94573491744934,0
multi-session-015,multi-boot-015,calibration,16,32.0,34.0,1.2050629999999998,0.018096091594595784,-0.857419,14.040095917155943,-1.5304470000000003,9.10303521852415,0.1243920000000001,6.970934168455187,0
multi-session-015,multi-boot-015,calibration,17,34.0,36.0,1.2103209999999998,0.019196897119065887,2.0599299999999996,13.674712793828615,2.148555,8.903809984713005,0.4777599999999999,7.002103515815801,0
multi-session-015,multi-boot-015,calibration,18,36.0,38.0,1.205783,0.022015708278408846,-2.9948020000000004,13.437375070660043,-2.46013,8.76168658813473,-1.09007,6.858278936139883,0
multi-session-015,multi-boot-015,calibration,19,38.0,40.0,1.2091939999999999,0.02227089499773191,3.6613209999999996,13.113133944670093,2.6085200000000004,8.614543374956098,1.666961,6.700507172533957,0
multi-session-015,multi-boot-015,calibration,20,40.0,42.0,1.2031619999999998,0.017720709805196865,-3.934064,13.015325631381797,-2.475959,8.724879928871172,-1.807712,6.57120913575698,0
multi-session-015,multi-boot-015,calibration,21,42.0,44.0,1.210598,0.021209846675542,3.826053,13.100389290974945,2.1170660000000003,8.912044285922507,1.9226969999999997,6.4813495977374185,0
multi-session-015,multi-boot-015,calibration,22,44.0,46.0,1.208389,0.023151466022694987,-3.2649379999999995,13.338939046924084,-1.4130800000000001,9.182032053113298,-1.8221939999999999,6.5968783583877,0
multi-session-015,multi-boot-015,calibration,23,46.0,48.0,1.206393,0.0190666843210874,2.302288,13.632784025695413,0.6584909999999999,9.281331401788162,1.6316389999999998,6.731536501258758,0
multi-session-015,multi-boot-015,calibration,24,48.0,50.0,1.205685,0.01787870451123347,-1.2548019999999998,13.912270774104277,0.1584649999999999,9.395351483360002,-1.1576499999999996,6.857269617646661,0
multi-session-015,multi-boot-015,calibration,25,50.0,52.0,1.2110560000000001,0.023325515299774197,-0.07964100000000013,14.065876505437512,-1.1349079999999998,9.257558571596295,0.497654,7.004868438527878,0
multi-session-015,multi-boot-015,calibration,26,52.0,54.0,1.207808,0.019808410738875532,1.299627,13.88687513444875,1.909332,9.039327505715013,0.06419400000000004,7.0656449309149405,0
multi-session-015,multi-boot-015,calibration,27,54.0,56.0,1.2042059999999999,0.018647846095460992,-2.4206849999999998,13.507159125836749,-2.290355,8.866131872438793,-0.7548540000000001,6.966369063844092,0
multi-session-015,multi-boot-015,calibration,28,56.0,58.0,1.210341,0.018959320109117838,3.3543989999999995,13.280858259604273,2.5714740000000007,8.717857690242713,1.25877,6.818662034277693,0
multi-session-015,multi-boot-015,calibration,29,58.0,60.0,1.20609,0.019059388762497062,-3.923538,13.045490195617642,-2.6080260000000006,8.657773302155931,-1.653514,6.631219307759622,0
multi-session-016,multi-boot-016,calibration,0,0.0,2.0,1.199328,0.021050468308329868,0.3977490000000002,12.079414274313924,-0.4157680000000001,8.003644744188488,0.3592060000000001,5.918586789645311,0
multi-session-016,multi-boot-016,calibration,1,2.0,4.0,1.2070270000000003,0.020572330227759807,2.0306089999999997,10.972328923351641,1.3140580000000002,7.279953991340605,0.95482,5.5207429013131915,0
multi-session-016,multi-boot-016,calibration,2,4.0,6.0,1.1996589999999998,0.019107637713752058,-0.27973900000000007,12.127911869657488,0.28651200000000004,7.9667778137623495,-0.5044250000000001,5.909164520630221,0
multi-session-016,multi-boot-016,calibration,3,6.0,8.0,1.198019,0.021491331717694927,-2.215878,10.873802063929434,-1.3288920000000002,7.301733450142919,-0.9612990000000002,5.579237155893178,0
multi-session-016,multi-boot-016,calibration,4,8.0,10.0,1.2011580000000002,0.021791921347141474,0.14964000000000002,12.074803643463525,-0.398202,7.971231918216657,0.35778200000000004,6.003418865303003,0
multi-session-016,multi-boot-016,calibration,5,10.0,12.0,1.19855,0.021962411069825636,2.1114360000000003,10.859147329238331,1.3056960000000002,7.314467008742605,0.9753700000000001,5.582645977321148,0
multi-session-016,multi-boot-016,calibration,6,12.0,14.0,1.2013019999999999,0.02017873127825434,-0.182892,12.059957852966818,0.437831,7.992373635056046,-0.37712399999999996,6.018140107892471,0
multi-session-016,multi-boot-016,calibration,7,14.0,16.0,1.199392,0.022559892198324005,-2.0267169999999997,10.89188678910183,-1.272784,7.4017632005856555,-0.973421,5.5197791137018335,0
multi-session-016,multi-boot-016,calibration,8,16.0,18.0,1.197502,0.019923709393584323,0.013736000000000227,12.131162950686305,-0.49341799999999997,8.013315920982775,0.38717400000000013,6.065788994098295,0
multi-session-016,multi-boot-016,calibration,9,18.0,20.0,1.198378,0.019074855595783664,2.02976,10.855385970936272,1.2884459999999998,7.380004242511246,0.9989020000000002,5.530827797807123,0
multi-session-016,multi-boot-016,calibration,10,20.0,22.0,1.1992399999999999,0.020192221274540352,0.016442,12.20803997867946,0.6045339999999999,7.957339406739165,-0.1934109999999999,6.0478227992376725,0
multi-session-016,multi-boot-016,calibration,11,22.0,24.0,1.2022570000000001,0.019989348438606,-2.069464,10.84740331238329,-1.2096870000000002,7.4052707015699974,-1.041798,5.521924159783073,0
multi-session-016,multi-boot-016,calibration,12,24.0,26.0,1.2035209999999998,0.020638208715874552,-0.16332900000000003,12.083650647782688,-0.737312,7.902911264290901,0.1565649999999999,6.1126949793585315,0
multi-session-016,multi-boot-016,calibration,13,26.0,28.0,1.201638,0.020525612195498585,2.0724739999999993,10.885286294155243,1.2058320000000002,7.416207456225587,1.1223610000000002,5.403957961233507,0
multi-session-016,multi-boot-016,calibration,14,28.0,30.0,1.1986849999999998,0.01955028068852209,0.2556990000000002,12.083775237536447,0.704545,7.895667022087177,-0.274476,6.0312169555591355,0
multi-session-016,multi-boot-016,calibration,15,30.0,32.0,1.199046,0.022073017102335602,-2.106304,10.875180165394227,-1.190972,7.4745808971885515,-0.9984360000000003,5.5721312885200405,0
multi-session-016,multi-boot-016,calibration,16,32.0,34.0,1.20102,0.02087846737670176,-0.21190700000000007,12.112360078665551,-0.7480460000000002,7.833852786891263,0.2269749999999999,6.137460561541312,0
multi-session-016,multi-boot-016,calibration,17,34.0,36.0,1.202288,0.018851309132259218,2.0665649999999998,10.880833126377548,1.1546059999999998,7.47253652465908,0.9655630000000002,5.493470010105725,0
multi-session-016,multi-boot-016,calibration,18,36.0,38.0,1.2036369999999998,0.02041038292144467,0.344618,12.048058614717808,0.7839539999999999,7.816726058477679,-0.12301799999999996,6.075076277568538,0
multi-session-016,multi-boot-016,calibration,19,38.0,40.0,1.1985779999999997,0.02079733915672868,-2.03532,10.888296765959312,-1.1834949999999997,7.587792160666698,-1.092536,5.4895029145,0
multi-session-016,multi-boot-016,calibration,20,40.0,42.0,1.197621,0.020612939116001868,-0.4811090000000002,12.097302039662354,-0.820616,7.916674787974052,0.09784499999999995,6.018239399182704,0
multi-session-016,multi-boot-016,calibration,21,42.0,44.0,1.1991489999999998,0.016949864276742745,2.0406459999999997,10.878627072130195,1.0691240000000002,7.467423599945566,1.0876729999999997,5.455348925739856,0
multi-session-016,multi-boot-016,calibration,22,44.0,46.0,1.205629,0.023427143637242683,0.520244,12.017026973584771,0.833872,7.847428123978965,-0.05907700000000011,5.953502194706155,0
multi-session-016,multi-boot-016,calibration,23,46.0,48.0,1.2020389999999999,0.024288206582619477,-1.982217,10.911956809812391,-1.119796,7.629435174466324,-1.044063,5.465741766872179,0
multi-session-016,multi-boot-016,calibration,24,48.0,50.0,1.199013,0.018269957060704882,-0.6783790000000001,11.973477008499202,-0.935611,7.7375322997825995,-0.05552800000000002,6.073820967942338,0
multi-session-016,multi-boot-016,calibration,25,50.0,52.0,1.2009,0.021041159663858843,1.9786499999999998,10.951193630609405,1.0679729999999998,7.596037611832303,1.049448,5.496184118030982,0
multi-session-016,multi-boot-016,calibration,26,52.0,54.0,1.2007759999999998,0.01986520133298426,0.6400020000000002,11.976815255250287,0.978755,7.707031908956586,0.11684000000000004,6.092586483834268,0
multi-session-016,multi-boot-016,calibration,27,54.0,56.0,1.2007959999999998,0.02046603488710014,-1.947676,10.976926697451523,-0.9054099999999999,7.503517672125522,-1.064487,5.486417432344262,0
multi-session-016,multi-boot-016,calibration,28,56.0,58.0,1.202513,0.02129642531036606,-0.683284,11.960786489372008,-0.955218,7.677719985156791,-0.058801999999999924,6.056641971785686,0
multi-session-016,multi-boot-016,calibration,29,58.0,60.0,1.2032789999999998,0.01913023938689738,1.8681149999999997,11.039079663435489,0.9778909999999997,7.712689913332378,1.010917,5.361396908979133,0
multi-session-017,multi-boot-017,calibration,0,0.0,2.0,1.200678,0.020318167141747796,0.8509920000000002,12.467633039873126,0.4521269999999998,8.439944224600717,0.36167900000000003,6.266520517117852,0
multi-session-017,multi-boot-017,calibration,1,2.0,4.0,1.196918,0.020539539332711434,0.7267999999999999,12.535859753491183,0.44217599999999974,8.303055015705002,0.301358,6.347189343483933,0
multi-session-017,multi-boot-017,calibration,2,4.0,6.0,1.204397,0.02391488011678085,0.4379919999999998,12.755178264318221,0.37547600000000003,8.391471025274651,0.09275100000000001,6.549455895057161,0
multi-session-017,multi-boot-017,calibration,3,6.0,8.0,1.201071,0.02266864925398073,0.15187099999999995,13.064795995677047,0.2087210000000001,8.56469117777512,-0.09238600000000012,6.512335353220379,0
multi-session-017,multi-boot-017,calibration,4,8.0,10.0,1.2016959999999999,0.021312479536647052,-0.35492700000000005,12.868086477630271,0.027636000000000046,8.656640623885457,-0.331128,6.367282657948836,0
multi-session-017,multi-boot-017,calibration,5,10.0,12.0,1.199687,0.020585852690622262,-0.6045410000000002,12.533010721802603,-0.29272999999999993,8.572438417329108,-0.32757599999999987,6.224212509677348,0
multi-session-017,multi-boot-017,calibration,6,12.0,14.0,1.2033520000000002,0.020696504439155907,-0.79136,12.486459716260649,-0.503263,8.395256580756243,-0.4021299999999998,6.322732150320777,0
multi-session-017,multi-boot-017,calibration,7,14.0,16.0,1.2035120000000001,0.02214912314291471,-0.6985640000000001,12.488370571283669,-0.5794869999999999,8.349454662690912,-0.40268400000000004,6.330624307992379,0
multi-session-017,multi-boot-017,calibration,8,16.0,18.0,1.2037819999999997,0.02077418773382007,-0.4079179999999999,12.969896656499465,-0.4198000000000001,8.440198859944,-0.07159599999999995,6.49080796722442,0
multi-session-017,multi-boot-017,calibration,9,18.0,20.0,1.200455,0.020737316002800363,0.02555399999999982,13.03707900231812,-0.22400200000000015,8.590515060111123,0.05617699999999998,6.455447317418909,0
multi-session-017,multi-boot-017,calibration,10,20.0,22.0,1.203751,0.019607786693046216,0.2928900000000001,12.83993770461134,0.15202500000000008,8.52375877000722,0.35840299999999997,6.347684910838833,0
multi-session-017,multi-boot-017,calibration,11,22.0,24.0,1.2044839999999999,0.020648461056456482,0.7314139999999999,12.565965438389682,0.3760860000000001,8.501399456136854,0.36420500000000017,6.226443621817755,0
multi-session-017,multi-boot-017,calibration,12,24.0,26.0,1.200652,0.017660331140723268,0.750389,12.432679318762268,0.40383700000000017,8.393114120952426,0.30361699999999997,6.190618550210552,0
multi-session-017,multi-boot-017,calibration,13,26.0,28.0,1.199505,0.021042306788943088,0.6287759999999999,12.56369417175633,0.5262410000000002,8.315981133289025,0.23977200000000004,6.3210451146322315,0
multi-session-017,multi-boot-017,calibration,14,28.0,30.0,1.202801,0.020403600148013103,0.4669529999999999,12.916263389676251,0.42038799999999993,8.369670657096133,0.06825899999999993,6.431332060375906,0
multi-session-017,multi-boot-017,calibration,15,30.0,32.0,1.1984419999999998,0.0215982878025088,-0.02076999999999983,12.96895697016919,0.119663,8.581598318712604,-0.06400500000000003,6.4780157796562206,0
multi-session-017,multi-boot-017,calibration,16,32.0,34.0,1.204481,0.018417202257672034,-0.3514350000000002,12.847889722646089,-0.05551900000000004,8.614838689223323,-0.26443500000000003,6.327340068123019,0
multi-session-017,multi-boot-017,calibration,17,34.0,36.0,1.1995390000000001,0.020832584549210408,-0.6584429999999998,12.663021032109636,-0.29897399999999996,8.535780072677833,-0.42418699999999987,6.216137758506563,0
multi-session-017,multi-boot-017,calibration,18,36.0,38.0,1.1997840000000002,0.021607326164983943,-0.7709249999999997,12.359137853510456,-0.45403600000000005,8.307301529781135,-0.3518299999999999,6.272714498962948,0
multi-session-017,multi-boot-017,calibration,19,38.0,40.0,1.198518,0.0209450680590921,-0.6435619999999999,12.600120554373916,-0.5754,8.243273120041577,-0.2518189999999999,6.425945194657281,0
multi-session-017,multi-boot-017,calibration,20,40.0,42.0,1.2009839999999998,0.02173566985395204,-0.3668730000000002,12.817291995362007,-0.37160100000000007,8.573593000154544,-0.07828400000000006,6.475484206740372,0
multi-session-017,multi-boot-017,calibration,21,42.0,44.0,1.203017,0.020006364262404097,0.03932300000000015,12.964196166302441,-0.1858750000000002,8.634341239462048,0.13581999999999997,6.480311674186666,0
multi-session-017,multi-boot-017,calibration,22,44.0,46.0,1.1975230000000001,0.020167155748890313,0.479811,12.812966167682601,0.13875799999999996,8.774963125143945,0.29621399999999987,6.317897520679169,0
multi-session-017,multi-boot-017,calibration,23,46.0,48.0,1.2009149999999997,0.02119541164969438,0.8068560000000002,12.575727657406707,0.3932989999999999,8.48645030870381,0.49154000000000003,6.199926208899587,0
multi-session-017,multi-boot-017,calibration,24,48.0,50.0,1.200655,0.019341511704104208,0.7402249999999998,12.363296726030441,0.4336099999999999,8.299155955137849,0.37019599999999997,6.28451185477313,0
multi-session-017,multi-boot-017,calibration,25,50.0,52.0,1.2012009999999997,0.02202203212694051,0.6772109999999999,12.624734285361377,0.45123700000000005,8.30503794053531,0.23233300000000007,6.3235318934445965,0
multi-session-017,multi-boot-017,calibration,26,52.0,54.0,1.2040790000000001,0.019028569546868206,0.2525769999999998,12.781819124450596,0.35810500000000006,8.421009316244401,-0.008989999999999942,6.449137716912238,0
multi-session-017,multi-boot-017,calibration,27,54.0,56.0,1.204448,0.01953691111716487,-0.11374099999999958,12.963342726450575,0.18917699999999982,8.555914357283562,-0.19680699999999998,6.4267257886618285,0
multi-session-017,multi-boot-017,calibration,28,56.0,58.0,1.2005270000000001,0.019093862128966986,-0.3841879999999999,12.819464896946986,-0.1650359999999999,8.592472958182878,-0.323888,6.325208563680411,0
multi-session-017,multi-boot-017,calibration,29,58.0,60.0,1.201246,0.021160129583724197,-0.7836749999999999,12.467030151286032,-0.43783099999999986,8.510651971849102,-0.328998,6.172317027729214,0
multi-session-018,multi-boot-018,calibration,0,0.0,2.0,1.1999050000000002,0.018526215884524296,-0.4229929999999999,13.324529265855926,-0.8239689999999998,8.630324073262777,0.11310200000000005,6.676763877493047,0
multi-session-018,multi-boot-018,calibration,1,2.0,4.0,1.1971100000000001,0.02199496987949745,2.247557,12.098006852422055,1.1019100000000004,8.393392451309543,1.132902,6.036732976535901,0
multi-session-018,multi-boot-018,calibration,2,4.0,6.0,1.204397,0.02023997754445394,0.7817939999999999,13.18874002154732,0.9383,8.525555950939504,0.12374600000000001,6.639251487470858,0
multi-session-018,multi-boot-018,calibration,3,6.0,8.0,1.2019320000000002,0.021116017048676574,-1.977268,12.210288836713733,-1.0048550000000005,8.437208261544516,-1.059524,6.112955457879928,0
multi-session-018,multi-boot-018,calibration,4,8.0,10.0,1.19878,0.020563438428434094,-1.0958919999999999,13.070026387025239,-1.244871,8.401889675380117,-0.20200000000000004,6.666501982959279,0
multi-session-018,multi-boot-018,calibration,5,10.0,12.0,1.2011469999999997,0.021771800361936086,1.926423,12.439464950027835,0.8833420000000001,8.646779953557045,1.011696,6.038732927028981,0
multi-session-018,multi-boot-018,calibration,6,12.0,14.0,1.2002439999999999,0.021267986834677143,1.3480359999999998,12.916886140185024,1.3819649999999999,8.200044589529682,0.32953999999999994,6.62848790464311,0
multi-session-018,multi-boot-018,calibration,7,14.0,16.0,1.2008830000000001,0.02038428833685395,-1.6737160000000006,12.6261695131716,-0.6329639999999999,8.683808081210916,-1.033475,6.133867233896981,0
multi-session-018,multi-boot-018,calibration,8,16.0,18.0,1.197135,0.02083190521771832,-1.7079279999999997,12.657998250577222,-1.26402,8.175630521788518,-0.5118019999999999,6.5824610281562626,0
multi-session-018,multi-boot-018,calibration,9,18.0,20.0,1.1993909999999999,0.019165970338075773,1.377982,12.901337202711819,0.49932100000000007,8.866919832684797,1.0046999999999997,6.199266093966285,0
multi-session-018,multi-boot-018,calibration,10,20.0,22.0,1.203546,0.0218432525966258,1.809731,12.438756767673327,1.3862290000000002,8.04401290390928,0.7481889999999999,6.382960587578385,0
multi-session-018,multi-boot-018,calibration,11,22.0,24.0,1.2016769999999999,0.02362123559426984,-1.126276,13.016145563085256,-0.287666,8.867124693780053,-0.776762,6.211393465524141,0
multi-session-018,multi-boot-018,calibration,12,24.0,26.0,1.2006839999999999,0.021180551078760913,-1.9141330000000003,12.295523181809346,-1.5801740000000004,7.999027386909235,-0.8141220000000001,6.274092888706383,0
multi-session-018,multi-boot-018,calibration,13,26.0,28.0,1.2038149999999999,0.023076478825852086,0.8397129999999998,13.212864187810718,-0.0634260000000001,8.935631626154024,0.725668,6.408940702516759,0
multi-session-018,multi-boot-018,calibration,14,28.0,30.0,1.2008719999999997,0.021384214177752714,2.19163,12.12681026736627,1.475729,8.028316378622543,0.8783910000000001,6.189793523585338,0
multi-session-018,multi-boot-018,calibration,15,30.0,32.0,1.1995790000000002,0.021220929739292762,-0.5251230000000002,13.232933174439106,0.20391700000000015,8.88098212028439,-0.650515,6.551645617634931,0
multi-session-018,multi-boot-018,calibration,16,32.0,34.0,1.1982449999999998,0.02085015287713737,-2.2287870000000005,12.006099312771447,-1.4980849999999999,8.104915299080862,-0.9790669999999999,6.205103219432454,0
multi-session-018,multi-boot-018,calibration,17,34.0,36.0,1.202844,0.020250147258723813,0.22963300000000011,13.41029938065556,-0.45368099999999983,8.826924671239638,0.5018860000000002,6.597554590331481,0
multi-session-018,multi-boot-018,calibration,18,36.0,38.0,1.2006780000000001,0.020387145852227565,2.2533299999999996,11.95912158693522,1.3814919999999997,8.057668394724121,0.975708,6.120052783051467,0
multi-session-018,multi-boot-018,calibration,19,38.0,40.0,1.201844,0.02203191013053567,0.13175300000000006,13.417124752497868,0.6916509999999999,8.714397286301503,-0.337398,6.659787008635938,0
multi-session-018,multi-boot-018,calibration,20,40.0,42.0,1.201776,0.020313424723566433,-2.184791,12.033899665894635,-1.39589,8.249343041703382,-1.05753,6.10308567073247,0
multi-session-018,multi-boot-018,calibration,21,42.0,44.0,1.202503,0.020333703327234814,-0.44453299999999984,13.366352515253029,-0.7824420000000001,8.665601268431177,0.10646200000000006,6.709047569778888,0
multi-session-018,multi-boot-018,calibration,22,44.0,46.0,1.202073,0.021437070019011458,2.1958809999999995,12.115636729893273,1.048473,8.387933195392712,1.037112,5.965899263116668,0
multi-session-018,multi-boot-018,calibration,23,46.0,48.0,1.202164,0.020766408066875682,0.7242710000000001,13.202373385291715,0.9729920000000001,8.526718886168114,0.04548499999999988,6.668743950375887,0
multi-session-018,multi-boot-018,calibration,24,48.0,50.0,1.19805,0.020642545870119797,-2.0147010000000005,12.199532289842058,-0.9408640000000001,8.4445769850777,-1.184253,6.008734278805396,0
multi-session-018,multi-boot-018,calibration,25,50.0,52.0,1.201779,0.01702272184464047,-1.0168840000000001,13.071591399915466,-1.1607040000000002,8.412947571082563,-0.24551,6.714368567043367,0
multi-session-018,multi-boot-018,calibration,26,52.0,54.0,1.2020799999999998,0.02180379783432235,1.9054579999999999,12.381138110910321,0.8041969999999999,8.660939711318338,1.0627129999999996,6.0275817099506,0
multi-session-018,multi-boot-018,calibration,27,54.0,56.0,1.202514,0.02123048760627037,1.3214749999999997,12.93301994113807,1.3019969999999998,8.167398341631868,0.3028960000000001,6.539876033105215,0
multi-session-018,multi-boot-018,calibration,28,56.0,58.0,1.203207,0.018600899198694662,-1.6329360000000002,12.501578360619272,-0.7415759999999999,8.683937316737378,-1.034429,6.13995351456825,0
multi-session-018,multi-boot-018,calibration,29,58.0,60.0,1.204517,0.019299948471433796,-1.538041,12.617748856781823,-1.3062330000000002,8.191786676129391,-0.4942560000000001,6.619986478027278,0
multi-session-019,multi-boot-019,test,0,0.0,2.0,1.200036,0.018350354329004115,0.6876649999999997,11.727798415306898,0.30620500000000006,7.8333513122338,0.333578,5.826145138401205,0
multi-session-019,multi-boot-019,test,1,2.0,4.0,1.2035829999999998,0.020090007740167757,0.5521610000000002,11.603288879536654,0.3366330000000002,7.915929427705316,0.327833,5.973005996950865,0
multi-session-019,multi-boot-019,test,2,4.0,6.0,1.206467,0.021239275199497743,0.4337749999999999,11.805860322605676,0.3229869999999999,7.808102849689609,0.17856299999999994,6.02698319907489,0
multi-session-019,multi-boot-019,test,3,6.0,8.0,1.200857,0.021221707070827267,0.23103100000000018,11.992377526259713,0.33232899999999993,7.916943679139003,0.060264000000000026,6.042763438767399,0
multi-session-019,multi-boot-019,test,4,8.0,10.0,1.201555,0.018691994944360548,-0.13081600000000024,12.19941351015466,0.15618499999999996,8.096028985958178,-0.123425,6.054420939369429,0
multi-session-019,multi-boot-019,test,5,10.0,12.0,1.201888,0.018755160783101806,-0.34255600000000025,11.956883027414127,-0.07226499999999993,8.130007853494053,-0.19774599999999992,5.880275114727541,0
multi-session-019,multi-boot-019,test,6,12.0,14.0,1.201664,0.01917011486663551,-0.6100740000000002,11.822767403418034,-0.19717300000000001,7.942234267771948,-0.22976399999999997,5.777479688385239,0
multi-session-019,multi-boot-019,test,7,14.0,16.0,1.2011709999999998,0.01932933674495842,-0.5933950000000001,11.655202070314997,-0.4653939999999999,7.797906186237689,-0.2894339999999999,5.780981015852239,0
multi-session-019,multi-boot-019,test,8,16.0,18.0,1.202097,0.020399110054117566,-0.6088410000000001,11.728632909798952,-0.350449,7.744921650507448,-0.26817399999999997,5.966886911005101,0
multi-session-019,multi-boot-019,test,9,18.0,20.0,1.204643,0.019819405919451773,-0.4537590000000001,11.960996226569884,-0.3780650000000001,7.819447199033638,-0.19889600000000002,6.088884827239221,0
multi-session-019,multi-boot-019,test,10,20.0,22.0,1.2031239999999999,0.019831939491638226,-0.184362,11.970332428698711,-0.355428,7.87379378810596,0.003953999999999982,6.119680678228562,0
multi-session-019,multi-boot-019,test,11,22.0,24.0,1.201219,0.022034444376929512,0.13594099999999984,12.020355194411643,-0.02584200000000011,8.033508228180015,0.16181599999999996,5.946546170302892,0
multi-session-019,multi-boot-019,test,12,24.0,26.0,1.203504,0.018913402232279625,0.4463050000000003,11.888848892995277,0.08400500000000001,8.07992308404449,0.4129609999999999,5.873961652103204,0
multi-session-019,multi-boot-019,test,13,26.0,28.0,1.201552,0.017330115291018695,0.5198299999999999,11.729912829884968,0.253995,7.9361221206250985,0.25292399999999987,5.8734474461277,0
multi-session-019,multi-boot-019,test,14,28.0,30.0,1.2031599999999998,0.021950949865552523,0.6280639999999998,11.69096257016949,0.4504890000000002,7.719123170463016,0.343298,5.88160886824311,0
multi-session-019,multi-boot-019,test,15,30.0,32.0,1.2023840000000001,0.021117550615542515,0.5533830000000003,11.743359954834519,0.4184089999999999,7.788260977164223,0.251378,5.99627538029367,0
multi-session-019,multi-boot-019,test,16,32.0,34.0,1.2005620000000001,0.019666294923040287,0.37137,12.014765402266496,0.27543300000000004,7.850142427562128,0.045804999999999936,6.061400271164659,0
multi-session-019,multi-boot-019,test,17,34.0,36.0,1.202044,0.018770899392410587,0.04053200000000002,12.078877048102443,0.19106900000000004,8.153407275583564,-0.034237000000000004,6.07977954461599,0
multi-session-019,multi-boot-019,test,18,36.0,38.0,1.202657,0.019460294216686463,-0.25636799999999993,12.126210599506178,0.04238700000000004,8.008631178080996,-0.195599,5.878341843147521,0
multi-session-019,multi-boot-019,test,19,38.0,40.0,1.1968619999999999,0.020144263600340415,-0.4252829999999998,11.936645039365583,-0.18819800000000003,8.117227501049603,-0.3120210000000001,5.9110618872634895,0
multi-session-019,multi-boot-019,test,20,40.0,42.0,1.200263,0.019439684436739182,-0.6134879999999999,11.685599892964674,-0.39545699999999984,7.925906655724064,-0.258387,5.877090271531569,0
multi-session-019,multi-boot-019,test,21,42.0,44.0,1.199569,0.021058493274686108,-0.6917680000000002,11.626643853708432,-0.40278800000000003,7.786375488265128,-0.35295099999999996,5.899917864843459,0
multi-session-019,multi-boot-019,test,22,44.0,46.0,1.2029660000000002,0.020306655165240776,-0.43086099999999994,11.852524748937629,-0.484388,7.794381589648789,-0.285985,6.001840264791708,0
multi-session-019,multi-boot-019,test,23,46.0,48.0,1.203083,0.021236770258210167,-0.2938369999999998,12.05541920041485,-0.314859,7.930929023753711,-0.06227800000000002,6.040349304511784,0
multi-session-019,multi-boot-019,test,24,48.0,50.0,1.202568,0.02194546367703359,-0.02693799999999986,12.118482128540522,-0.06752700000000006,8.035247067500226,0.20637799999999998,6.079156475656471,0
multi-session-019,multi-boot-019,test,25,50.0,52.0,1.200742,0.019520210961974767,0.21101399999999992,12.006892678907562,0.03913500000000008,8.091089367957506,0.2656039999999999,5.972007053946269,0
multi-session-019,multi-boot-019,test,26,52.0,54.0,1.203025,0.019704351676723585,0.4503999999999998,11.836184839533388,0.2798870000000001,8.002159160834717,0.34550200000000003,5.926657581166302,0
multi-session-019,multi-boot-019,test,27,54.0,56.0,1.2043670000000002,0.0189610445651077,0.6852519999999999,11.680885426417639,0.4157719999999999,7.90627772520141,0.28522999999999993,5.9017721163308225,0
multi-session-019,multi-boot-019,test,28,56.0,58.0,1.201789,0.021988378271259573,0.6881050000000001,11.674276536645644,0.4659830000000001,7.759911801754644,0.2526650000000001,5.91899273139231,0
multi-session-019,multi-boot-019,test,29,58.0,60.0,1.2040069999999998,0.021327148215361563,0.4660679999999999,11.955026187849862,0.43525700000000017,7.797182485311666,0.08410399999999991,6.060045667697892,0
multi-session-020,multi-boot-020,test,0,0.0,2.0,1.1942039999999998,0.021681028204400273,-0.34979999999999967,11.539329526337307,-0.22504499999999994,7.625564725046598,-0.26254400000000006,5.822101304431588,0
multi-session-020,multi-boot-020,test,1,2.0,4.0,1.192993,0.020839051106036482,-0.28798899999999983,11.455885775023205,-0.14809,7.682469861502875,-0.1750110000000001,5.8218362743363885,0
multi-session-020,multi-boot-020,test,2,4.0,6.0,1.197136,0.020733796179185332,-0.2883029999999999,11.582635245396059,-0.20824599999999993,7.758498048919263,-0.10277499999999996,5.888453494532754,0
multi-session-020,multi-boot-020,test,3,6.0,8.0,1.193083,0.021839134850080478,-0.12445499999999995,11.601514210303542,-0.15245299999999995,7.748457987283083,-0.05419,5.789456856035806,0
multi-session-020,multi-boot-020,test,4,8.0,10.0,1.19262,0.01968856013018727,-0.08261600000000019,11.619022203341554,-0.09689099999999978,7.773797373704758,0.011084999999999949,5.856653026198069,0
multi-session-020,multi-boot-020,test,5,10.0,12.0,1.192354,0.020916536137706936,0.041759000000000164,11.695953623891429,-0.11170999999999998,7.780511673116363,0.13874299999999995,5.778345382014734,0
multi-session-020,multi-boot-020,test,6,12.0,14.0,1.194165,0.02005349533123839,0.12640500000000007,11.592395116233531,0.0009009999999999529,7.82916924522002,0.1018139999999999,5.828195096425993,0
multi-session-020,multi-boot-020,test,7,14.0,16.0,1.1959679999999997,0.02050617897122719,0.17454799999999995,11.564092643951621,-0.010835999999999903,7.779625684780984,0.13484199999999993,5.747025534016358,0
multi-session-020,multi-boot-020,test,8,16.0,18.0,1.1965670000000002,0.021233436156213623,0.16842000000000007,11.482556066616874,0.197244,7.790871655178514,0.13538900000000006,5.729956718979559,0
multi-session-020,multi-boot-020,test,9,18.0,20.0,1.193819,0.020298461493423594,0.32372200000000007,11.517308893049453,0.12754200000000002,7.757971529828916,0.201914,5.788619484868909,0
multi-session-020,multi-boot-020,test,10,20.0,22.0,1.197958,0.020838532481919175,0.24613299999999982,11.358308869466924,0.208384,7.67412295909728,0.14873900000000007,5.640636905366184,0
multi-session-020,multi-boot-020,test,11,22.0,24.0,1.195187,0.0175554929010837,0.45759899999999987,11.483957785794017,0.16199499999999986,7.575347531095521,0.06583800000000001,5.743703472408373,0
multi-session-020,multi-boot-020,test,12,24.0,26.0,1.194166,0.019475534498441888,0.3290270000000001,11.51882519757857,0.25492799999999993,7.548131163474573,0.14289500000000005,5.63339349604437,0
multi-session-020,multi-boot-020,test,13,26.0,28.0,1.195406,0.020773015284257592,0.23608399999999988,11.514648263605103,0.36801600000000023,7.609592576080799,0.12295699999999998,5.848032199607916,0
multi-session-020,multi-boot-020,test,14,28.0,30.0,1.1943139999999999,0.021049579663261677,0.24969499999999983,11.62198765185521,0.209846,7.681333480033529,0.1671950000000001,5.81453357964979,0
multi-session-020,multi-boot-020,test,15,30.0,32.0,1.496093,0.021000229784457123,0.14088699999999998,11.732665151419392,0.1468710000000001,7.6704545144247485,0.0722369999999999,5.8307696656214265,0
multi-session-020,multi-boot-020,test,16,32.0,34.0,1.495891,0.020916300318172903,0.08121899999999999,11.70404985477843,0.2261819999999999,7.74267872322467,0.025712000000000027,5.83943364725176,0
multi-session-020,multi-boot-020,test,17,34.0,36.0,1.4963379999999997,0.018120053973429546,0.04303700000000002,11.686368975038013,0.10333499999999994,7.73771874444109,0.0009360000000000079,5.92150518016357,0
multi-session-020,multi-boot-020,test,18,36.0,38.0,1.493497,0.021962652185016276,0.04105800000000008,11.586969655420523,0.03225900000000017,7.786960064005658,-0.08202400000000017,5.838574800944491,0
multi-session-020,multi-boot-020,test,19,38.0,40.0,1.4946429999999995,0.019631109265652816,-0.15241099999999994,11.698967297320692,-0.047225,7.846657639802759,-0.12101100000000001,5.7978291195394,0
multi-session-020,multi-boot-020,test,20,40.0,42.0,1.1961979999999999,0.023434850031523572,-0.22064499999999998,11.600154542835842,-0.016058000000000048,7.805027755558336,-0.1089009999999999,5.7587003861721255,0
multi-session-020,multi-boot-020,test,21,42.0,44.0,1.195357,0.020835806943816683,-0.31204399999999993,11.461352717644806,-0.12789100000000003,7.761929442826635,-0.18582499999999988,5.78166533627423,0
multi-session-020,multi-boot-020,test,22,44.0,46.0,1.191235,0.02026056946386256,-0.2588149999999999,11.54692828840965,-0.17262500000000003,7.696856223918633,-0.161304,5.758406761803477,0
multi-session-020,multi-boot-020,test,23,46.0,48.0,1.1977680000000002,0.02018825341628146,-0.36012000000000016,11.552986434857438,-0.1769869999999999,7.6890505918306316,-0.10781900000000004,5.677951624832586,0
multi-session-020,multi-boot-020,test,24,48.0,50.0,1.1919449999999998,0.021389798386146602,-0.31126,11.440999249960644,-0.24016099999999987,7.658339590601805,-0.13670700000000002,5.743689178676977,0
multi-session-020,multi-boot-020,test,25,50.0,52.0,1.193517,0.02099443762047462,-0.2887100000000001,11.515917439922013,-0.3031370000000001,7.6768591907062484,-0.17613900000000002,5.705104138258915,0
multi-session-020,multi-boot-020,test,26,52.0,54.0,1.1951479999999999,0.02178237122078311,-0.2386240000000001,11.586763009461444,-0.23311599999999985,7.660833233868494,-0.012929999999999974,5.848954217695673,0
multi-session-020,multi-boot-020,test,27,54.0,56.0,1.194934,0.018308420030139133,-0.23461899999999997,11.575631078560642,-0.18989400000000003,7.689805887235646,-0.04701600000000007,5.883155349227488,0
multi-session-020,multi-boot-020,test,28,56.0,58.0,1.195488,0.022936382801130594,-0.02000900000000005,11.621791279446514,-0.09937899999999984,7.754020917759959,-0.05904,5.773367291122227,0
multi-session-020,multi-boot-020,test,29,58.0,60.0,1.1929729999999998,0.022306352705003127,-0.07104099999999988,11.703051849616793,-0.12591599999999992,7.764998591020091,0.06697799999999997,5.995697818178965,0
multi-session-021,multi-boot-021,test,0,0.0,2.0,1.21041,0.021519082229500403,0.032432000000000266,13.56337196807549,0.03098100000000004,9.099571304470283,-0.06952599999999996,6.8141708775407155,0
multi-session-021,multi-boot-021,test,1,2.0,4.0,1.213262,0.022100926586910336,0.003552999999999784,13.594538696685923,0.007290999999999963,9.02240947147817,-0.02090000000000007,6.834347754906829,0
multi-session-021,multi-boot-021,test,2,4.0,6.0,1.2127589999999997,0.021220754439934514,0.09038399999999985,13.551205813799157,0.07899100000000017,9.103704307040019,0.150349,6.752549106233807,0
multi-session-021,multi-boot-021,test,3,6.0,8.0,1.21215,0.02132026031736011,-0.0013619999999999522,13.569961221306272,0.105834,9.073873068653981,0.13942599999999994,6.75033526553489,0
multi-session-021,multi-boot-021,test,4,8.0,10.0,1.210461,0.021643275606987037,0.10174200000000021,13.46506491490613,0.09260600000000013,9.056383423749459,0.11317599999999993,6.827256740494238,0
multi-session-021,multi-boot-021,test,5,10.0,12.0,1.2098049999999998,0.020074976338715814,0.09520700000000001,13.5701442790138,0.018769999999999884,9.107018413405125,0.07074299999999997,6.789975517809398,0
multi-session-021,multi-boot-021,test,6,12.0,14.0,1.210216,0.01961671593310155,0.1461319999999996,13.491274281941495,0.0354070000000001,9.001510074818057,0.10959700000000003,6.791845398939158,0
multi-session-021,multi-boot-021,test,7,14.0,16.0,1.2134730000000002,0.022227702782788863,0.16575199999999995,13.54197758856128,-0.0012970000000000858,9.06299812897978,0.06795300000000008,6.726262442061788,0
multi-session-021,multi-boot-021,test,8,16.0,18.0,1.210762,0.01960961896621144,0.15631799999999987,13.578110866850219,0.11189900000000007,9.116719886708104,0.060277,6.695081163001013,0
multi-session-021,multi-boot-021,test,9,18.0,20.0,1.214723,0.020790304735621355,0.11366800000000005,13.475862387987494,0.06916700000000006,9.030334350820628,0.07943899999999994,6.8038936729330945,0
multi-session-021,multi-boot-021,test,10,20.0,22.0,1.2134310000000001,0.021482032934524612,0.11598299999999977,13.50124876526653,0.12568900000000005,9.10231823019713,0.12013400000000006,6.780484077397719,0
multi-session-021,multi-boot-021,test,11,22.0,24.0,1.2101579999999998,0.020862944087544324,0.11680400000000013,13.584450440469942,0.0003509999999999813,9.056673443604943,0.11313399999999998,6.830332702309895,0
multi-session-021,multi-boot-021,test,12,24.0,26.0,1.209684,0.021612610763163252,0.10497299999999984,13.615163396653417,0.06587299999999989,9.11164223448062,0.11529100000000002,6.701850663094412,0
multi-session-021,multi-boot-021,test,13,26.0,28.0,1.212183,0.01912242691187497,0.10197199999999995,13.48156181204596,0.10092600000000022,8.992301712193825,0.00195700000000004,6.877965031479223,0
multi-session-021,multi-boot-021,test,14,28.0,30.0,1.2121469999999999,0.019712166065656,0.180489,13.470459093831176,0.07765800000000005,8.953511769581587,-0.046913999999999983,6.762966735568349,0
multi-session-021,multi-boot-021,test,15,30.0,32.0,0.9129219999999999,0.020586668404576788,0.09316999999999989,13.527543807687335,0.08765599999999997,8.948553959722432,0.06781799999999998,6.777315032996179,0
multi-session-021,multi-boot-021,test,16,32.0,34.0,0.912362,0.020075655804979324,0.11893799999999981,13.500603867433338,-0.017628999999999964,9.01608802204476,-0.00841499999999999,6.791961742683406,0
multi-session-021,multi-boot-021,test,17,34.0,36.0,0.914957,0.02046722382249239,0.05808300000000017,13.5360210788256,0.07251599999999997,9.058791582056848,-0.115554,6.812350520068973,0
multi-session-021,multi-boot-021,test,18,36.0,38.0,0.908888,0.020866606240594086,0.14604800000000018,13.598879182495004,0.02046600000000005,8.96962424866527,0.007613000000000119,6.813486038213552,0
multi-session-021,multi-boot-021,test,19,38.0,40.0,0.915736,0.02129672519426403,0.10114200000000005,13.583597065116296,0.08936800000000003,9.072280271958974,0.055455000000000074,6.875254832620751,0
multi-session-021,multi-boot-021,test,20,40.0,42.0,1.207948,0.0246101787071935,0.13300999999999985,13.543021417169065,0.04226899999999993,8.979340938896295,0.007710000000000079,6.817368599445097,0
multi-session-021,multi-boot-021,test,21,42.0,44.0,1.2126530000000002,0.02032158190200753,0.1404210000000004,13.591581705477072,0.03352800000000006,9.002034984947349,0.06945900000000015,6.8264244575340465,0
multi-session-021,multi-boot-021,test,22,44.0,46.0,1.2179640000000003,0.022377334604460817,0.08823600000000022,13.487387681842025,0.028319999999999936,9.043845886877994,-0.023303999999999915,6.869620497901176,0
multi-session-021,multi-boot-021,test,23,46.0,48.0,1.211927,0.019626634224950555,0.06959400000000013,13.601912307214892,0.07686999999999994,9.04811006979358,0.06125500000000003,6.8998963966914015,0
multi-session-021,multi-boot-021,test,24,48.0,50.0,1.2124519999999999,0.0216409864839845,0.1376630000000001,13.61218009370031,0.12007799999999985,9.041495806818471,0.12179200000000016,6.879510589216067,0
multi-session-021,multi-boot-021,test,25,50.0,52.0,1.209571,0.02091528768628346,-0.037398000000000244,13.700253863297425,0.09285300000000012,9.120118172748146,0.11242299999999997,6.84326544998592,0
multi-session-021,multi-boot-021,test,26,52.0,54.0,1.214465,0.020992714807761288,0.01599599999999997,13.572760460001643,0.056450999999999925,8.937119385232526,-0.01466900000000003,6.839311967642578,0
multi-session-021,multi-boot-021,test,27,54.0,56.0,1.2147869999999998,0.02021056978415007,-0.01765600000000002,13.666470117578424,-0.0008240000000001579,9.038905879852052,0.06468199999999992,6.799793905838324,0
multi-session-021,multi-boot-021,test,28,56.0,58.0,1.213022,0.020488716797300896,-0.03995399999999978,13.662416535067434,0.003962000000000038,9.111941506284817,0.04586199999999989,6.7976233705874,0
multi-session-021,multi-boot-021,test,29,58.0,60.0,1.2100510000000002,0.022251523520873808,0.02972899999999986,13.659538126908206,0.07207300000000014,9.08268524948272,-0.00831600000000011,6.8628581504169235,0
multi-session-022,multi-boot-022,test,0,0.0,2.0,1.1982749999999998,0.02064527730499158,3.237867,13.083206082012579,2.458005,8.49422019087538,1.2869039999999998,6.649257700058255,0
multi-session-022,multi-boot-022,test,1,2.0,4.0,1.1954879999999999,0.023069595921905526,-3.4712740000000006,12.765961134890079,-1.9840989999999998,8.773269040882024,-1.73433,6.372359968402601,0
multi-session-022,multi-boot-022,test,2,4.0,6.0,1.198849,0.021012779421104678,2.1970529999999995,13.528473148049303,0.7556010000000002,9.378710902618709,1.4955440000000002,6.665627228870813,0
multi-session-022,multi-boot-022,test,3,6.0,8.0,1.192935,0.020682564517003208,-0.07297799999999974,14.07332129157563,0.917367,9.271951468488767,-0.518552,6.970730768068438,0
multi-session-022,multi-boot-022,test,4,8.0,10.0,1.197079,0.020017723621830744,-2.260382,13.625427844551378,-2.047789,8.806672450430924,-0.6472840000000001,6.814610563278286,0
multi-session-022,multi-boot-022,test,5,10.0,12.0,1.197526,0.0197661459065747,3.4469860000000008,12.87841498216314,2.398855,8.5391640732495,1.5634000000000001,6.489106021895466,0
multi-session-022,multi-boot-022,test,6,12.0,14.0,1.1955270000000002,0.01792208612299362,-3.253817,13.011744881675595,-1.5073210000000001,9.027138993571496,-1.7316719999999999,6.4162010869061765,0
multi-session-022,multi-boot-022,test,7,14.0,16.0,1.197948,0.021791440888569078,1.5191600000000007,13.81133616801792,0.0776699999999999,9.300251088261005,1.230344,6.832611711612477,0
multi-session-022,multi-boot-022,test,8,16.0,18.0,1.1945880000000002,0.02127178074351088,0.9048089999999999,14.048708181303324,1.426496,9.056746444556344,-0.1384360000000001,7.013332599449708,0
multi-session-022,multi-boot-022,test,9,18.0,20.0,1.195983,0.023690977417573974,-2.8574320000000006,13.261254850962482,-2.313062,8.502433239370715,-1.0132260000000002,6.882284408473978,0
multi-session-022,multi-boot-022,test,10,20.0,22.0,1.199127,0.02306254042814885,3.5351920000000003,12.797365756839802,2.174949,8.588874474673558,1.7068920000000003,6.463982910244736,0
multi-session-022,multi-boot-022,test,11,22.0,24.0,1.195483,0.02158980340345877,-2.72794,13.32687753399122,-1.1172819999999999,9.174613519864257,-1.5759130000000001,6.426535055247968,0
multi-session-022,multi-boot-022,test,12,24.0,26.0,1.1948569999999998,0.019205156885586744,0.6083459999999998,14.053816307668319,-0.39167399999999986,9.343917689659087,0.7993969999999999,6.932727762886049,0
multi-session-022,multi-boot-022,test,13,26.0,28.0,1.191549,0.022233845798691695,1.682234,13.68582632519659,1.9500269999999995,8.812896882510936,0.4304789999999999,7.034467106146633,0
multi-session-022,multi-boot-022,test,14,28.0,30.0,1.1965800000000002,0.020968786326347074,-3.3326119999999992,12.975607717800967,-2.3774649999999995,8.507927209201723,-1.4538840000000002,6.6954357462038265,0
multi-session-022,multi-boot-022,test,15,30.0,32.0,1.1804980000000003,0.11688954356998749,3.3877479999999998,12.81096529470344,1.870501,8.859196537310762,1.8113839999999997,6.431590146530173,0
multi-session-022,multi-boot-022,test,16,32.0,34.0,1.2008729999999999,0.12147613910147129,-1.969506,13.688358994363204,-0.4915910000000001,9.444355636803339,-1.421695,6.711097817397314,0
multi-session-022,multi-boot-022,test,17,34.0,36.0,1.2268530000000002,0.11128764123207929,-0.28986799999999985,14.001751279257036,-1.10067,9.241650263091543,0.39026800000000017,7.133053305168551,0
multi-session-022,multi-boot-022,test,18,36.0,38.0,1.1970649999999998,0.13509040482210422,2.497186,13.4115680838075,2.197416,8.6881419044203,0.8524779999999998,6.856831717923082,0
multi-session-022,multi-boot-022,test,19,38.0,40.0,1.211678,0.12455902904245841,-3.5811619999999995,12.804496600880334,-2.333363,8.504166580443437,-1.6591900000000002,6.4685521090812905,0
multi-session-022,multi-boot-022,test,20,40.0,42.0,1.1960380000000002,0.02028025532383653,2.984009,13.167307903980182,1.3537970000000001,9.052373446974611,1.8250239999999998,6.549216736329925,0
multi-session-022,multi-boot-022,test,21,42.0,44.0,1.1925280000000003,0.02076521167722593,-1.2702430000000002,13.962409278210226,0.09857900000000001,9.398084748631446,-1.048381,6.826729781596676,0
multi-session-022,multi-boot-022,test,22,44.0,46.0,1.195389,0.02110223635068093,-1.209003,13.891831040431315,-1.5902339999999997,8.965858893092397,-0.05763600000000009,7.0579576030112285,0
multi-session-022,multi-boot-022,test,23,46.0,48.0,1.196563,0.01965890462360505,3.0760699999999996,13.14977459655868,2.388346,8.464939961611305,1.2364629999999999,6.80684862456416,0
multi-session-022,multi-boot-022,test,24,48.0,50.0,1.1972589999999999,0.021821072819639287,-3.540746,12.783953630355672,-2.095386,8.643611397153622,-1.7609390000000005,6.341670847890089,0
multi-session-022,multi-boot-022,test,25,50.0,52.0,1.196233,0.019694263403336517,2.6195209999999993,13.452390510331574,0.7394870000000001,9.285624280312607,1.6552590000000003,6.578686496088637,0
multi-session-022,multi-boot-022,test,26,52.0,54.0,1.194085,0.01987145377167963,-0.3295569999999999,14.075246133387898,0.7016900000000001,9.345436292956045,-0.703759,6.912154492704788,0
multi-session-022,multi-boot-022,test,27,54.0,56.0,1.198464,0.023669370587322335,-2.0163510000000007,13.648564604320082,-1.9416449999999994,8.860044429102768,-0.544711,6.937473246346901,0
multi-session-022,multi-boot-022,test,28,56.0,58.0,1.197569,0.022722850591420082,3.4371600000000004,12.929138866676311,2.4079870000000003,8.45605972706739,1.489947,6.564459388471453,0
multi-session-022,multi-boot-022,test,29,58.0,60.0,1.191104,0.020901473249510423,-3.450062,12.868500840484723,-1.6366709999999998,8.929785177665753,-1.760966,6.385699241308191,0
multi-session-023,multi-boot-023,test,0,0.0,2.0,1.202834,0.018975959633177983,-1.3737430000000002,14.028396061212808,-1.465403,9.040063507138155,-0.40531600000000007,7.213555905276121,0
multi-session-023,multi-boot-023,test,1,2.0,4.0,1.206731,0.020178254111790736,1.891106,13.851614601726544,0.78703,9.56925522659418,1.139486,6.801156434004735,0
multi-session-023,multi-boot-023,test,2,4.0,6.0,1.204212,0.02171374808732938,1.7046500000000002,13.83181656600824,1.4626960000000002,8.934717313176954,0.6221929999999998,7.0835436245886845,0
multi-session-023,multi-boot-023,test,3,6.0,8.0,1.202127,0.022025026015875672,-1.530126,14.085013140814743,-0.384205,9.645321618374112,-0.9477010000000001,6.863703187660361,0
multi-session-023,multi-boot-023,test,4,8.0,10.0,1.2020919999999997,0.0237600575756878,-1.9618799999999996,13.594126308314193,-1.5070690000000002,8.775130243349041,-0.7681779999999999,7.062701697970544,0
multi-session-023,multi-boot-023,test,5,10.0,12.0,1.20689,0.019627987670670678,1.3223459999999998,14.24706354307034,0.16278700000000004,9.612571051374914,0.862821,6.944996106986598,0
multi-session-023,multi-boot-023,test,6,12.0,14.0,1.2030500000000002,0.02112706084622279,2.143512,13.498068835476282,1.5741800000000001,8.746629293116293,0.7910500000000001,6.871135574000851,0
multi-session-023,multi-boot-023,test,7,14.0,16.0,1.204778,0.02313929808788504,-0.9896520000000004,14.290889803049215,-0.04345200000000005,9.657005423696106,-0.806794,6.929168587872862,0
multi-session-023,multi-boot-023,test,8,16.0,18.0,1.201094,0.02018593976013996,-2.3748570000000004,13.265735489125772,-1.6765469999999996,8.77688192127996,-1.0441850000000001,6.901997691761061,0
multi-session-023,multi-boot-023,test,9,18.0,20.0,1.202589,0.022360674833287134,0.6092239999999997,14.516046811912119,-0.248149,9.698371442221575,0.626266,7.103993563907839,0
multi-session-023,multi-boot-023,test,10,20.0,22.0,1.2077959999999999,0.021863293073094002,2.516759000000001,13.191447802808417,1.5098429999999998,8.782774142778067,1.125689,6.680022937384197,0
multi-session-023,multi-boot-023,test,11,22.0,24.0,1.207435,0.02411106125826899,-0.23444199999999984,14.620681137349106,0.427862,9.697223435445633,-0.5006419999999998,7.274494778074695,0
multi-session-023,multi-boot-023,test,12,24.0,26.0,1.202959,0.02180564649351172,-2.388728,13.088895355896769,-1.4609520000000003,8.860315232467523,-1.105464,6.773437970329691,0
multi-session-023,multi-boot-023,test,13,26.0,28.0,1.203498,0.021546052909987942,-0.06173100000000014,14.583950655290185,-0.7552189999999999,9.71293091346474,0.3717029999999999,7.237765465797506,0
multi-session-023,multi-boot-023,test,14,28.0,30.0,1.202641,0.02229447059250343,2.423127,13.233424066362076,1.5215009999999998,9.024277009594675,1.209322,6.552229461772229,0
multi-session-023,multi-boot-023,test,15,30.0,32.0,1.2022059999999999,0.01916816537908624,2.263758,23.84656019792448,-0.5331319999999999,18.356521593454897,-0.3655329999999997,11.93895172730885,4
multi-session-023,multi-boot-023,test,16,32.0,34.0,1.203763,0.022891162727131188,-1.9817960000000006,26.897587718362104,-2.6352920000000006,17.418200421717966,-0.9653830000000002,10.693841571288168,3
multi-session-023,multi-boot-023,test,17,34.0,36.0,1.202947,0.02078707990555672,1.4288820000000007,24.854877018357506,1.4963460000000004,18.312344428845915,2.154551,13.208101582918683,5
multi-session-023,multi-boot-023,test,18,36.0,38.0,1.206397,0.020014976667485775,-0.8276190000000005,25.57359796608876,2.946529,15.504034980431998,1.595135,11.371774085122999,2
multi-session-023,multi-boot-023,test,19,38.0,40.0,1.206169,0.020599843179014733,1.805985,23.792883821228457,0.9614379999999998,15.748504252263325,2.421119,12.390880200499842,4
multi-session-023,multi-boot-023,test,20,40.0,42.0,1.20156,0.021639186676028283,-2.131295,13.539582409619396,-0.9245709999999997,9.41847974176613,-1.1584919999999996,6.6243975370395765,0
multi-session-023,multi-boot-023,test,21,42.0,44.0,1.2009610000000002,0.021648606860488733,-1.3778119999999998,14.107383340770747,-1.358336,9.042872859954628,-0.361449,7.236216071780817,0
multi-session-023,multi-boot-023,test,22,44.0,46.0,1.2065629999999998,0.021567056614197493,1.7681949999999997,13.831604383789866,0.7097719999999998,9.624102327729897,1.0796919999999999,6.642104818017855,0
multi-session-023,multi-boot-023,test,23,46.0,48.0,1.204834,0.023139214420545912,1.7911009999999996,13.931961299921092,1.5096470000000002,8.880978982831286,0.630782,7.111774268751505,0
multi-session-023,multi-boot-023,test,24,48.0,50.0,1.204174,0.02025390638864513,-1.6236579999999998,14.029527571676676,-0.5121020000000001,9.678416444563439,-0.9327790000000001,6.768013492233818,0
multi-session-023,multi-boot-023,test,25,50.0,52.0,1.2018300000000002,0.02083076810873761,-1.941594,13.52826353315029,-1.56331,8.746205420769627,-0.705042,7.033843770061716,0
multi-session-023,multi-boot-023,test,26,52.0,54.0,1.2052260000000001,0.019088256180175296,1.344688,14.254720478748645,0.21769199999999997,9.671403326050259,0.9363499999999999,6.867291313152515,0
multi-session-023,multi-boot-023,test,27,54.0,56.0,1.2037540000000002,0.019262276189484978,2.13848,13.532924743772131,1.6141519999999998,8.75462551892975,0.810322,6.888013027464161,0
multi-session-023,multi-boot-023,test,28,56.0,58.0,1.204278,0.021495918589350866,-0.9781199999999994,14.274772056800067,-0.039523999999999886,9.747205667637468,-0.834228,6.963468017806644,0
multi-session-023,multi-boot-023,test,29,58.0,60.0,1.2068989999999997,0.01966934922665211,-2.33753,13.423648618617072,-1.6679659999999998,8.812602952467788,-0.9583029999999999,6.807403182028445,0
multi-session-024,multi-boot-024,test,0,0.0,2.0,1.1855920000000002,0.018672807394711707,0.12788500000000014,12.425691668727138,0.06933200000000006,8.218945450395445,0.11732599999999999,6.267792359780596,0
multi-session-024,multi-boot-024,test,1,2.0,4.0,1.189476,0.01815242749606785,0.12290300000000004,12.342201366437472,-0.02506000000000002,8.302545758621267,0.11322399999999991,6.17418783428428,0
multi-session-024,multi-boot-024,test,2,4.0,6.0,1.187261,0.021021845280564694,0.09358099999999993,12.309975178030985,-0.07846300000000016,8.23691861379794,0.15478799999999995,6.29444195947949,0
multi-session-024,multi-boot-024,test,3,6.0,8.0,1.1882079999999997,0.02033560758866084,0.04724499999999992,12.418420127080376,-0.06025899999999998,8.185376938908739,0.06301200000000005,6.25319360826578,0
multi-session-024,multi-boot-024,test,4,8.0,10.0,1.191275,0.02212094200073767,-0.025769000000000087,12.334350409735366,-0.08944500000000001,8.241257750590925,-0.05374300000000012,6.106753975628214,0
multi-session-024,multi-boot-024,test,5,10.0,12.0,1.188782,0.016939813340175865,-0.03592299999999998,12.379821378306351,-0.159142,8.267489574038542,0.03673800000000013,6.180763316238213,0
multi-session-024,multi-boot-024,test,6,12.0,14.0,1.1886390000000002,0.02002102342538963,0.001030999999999791,12.415165613850625,-0.09855099999999997,8.339337487768379,-0.01610999999999999,6.157187691186619,0
multi-session-024,multi-boot-024,test,7,14.0,16.0,1.186564,0.021440995872393613,-0.09408699999999999,12.336128988014474,-0.10082400000000005,8.380715276802094,0.009650000000000087,6.183554274905331,0
multi-session-024,multi-boot-024,test,8,16.0,18.0,1.18622,0.018641679108921484,-0.09363200000000008,12.386463693135989,-0.014795999999999997,8.299218245255634,0.005466000000000135,6.125853899338769,0
multi-session-024,multi-boot-024,test,9,18.0,20.0,1.1897300000000002,0.020495665395395202,-0.20312300000000008,12.537168195345032,-0.18096699999999996,8.328741153212231,-0.09261300000000001,6.1957510655554096,0
multi-session-024,multi-boot-024,test,10,20.0,22.0,1.1903689999999998,0.022566823857158094,-0.25492499999999996,12.421431841356897,-0.19384700000000002,8.396476510697271,-0.08053399999999998,6.283681806874374,0
multi-session-024,multi-boot-024,test,11,22.0,24.0,1.1886349999999999,0.021967268264397367,-0.22632799999999997,12.452173233175646,-0.212639,8.364430993652764,-0.14295099999999997,6.170945029742122,0
multi-session-024,multi-boot-024,test,12,24.0,26.0,1.1905009999999998,0.01981786817495767,-0.19946699999999987,12.577951823767293,-0.144754,8.319315609873447,-0.15769199999999992,6.254622397662068,0
multi-session-024,multi-boot-024,test,13,26.0,28.0,1.1890669999999999,0.020585801198884646,-0.304185,12.472774589443803,-0.14677800000000008,8.30493708180357,-0.09417200000000005,6.198995564639162,0
multi-session-024,multi-boot-024,test,14,28.0,30.0,1.1920540000000002,0.018939996937697753,-0.260928,12.520977537709106,-0.08389500000000001,8.26873916326274,-0.14269599999999993,6.378746347299288,0
multi-session-024,multi-boot-024,test,15,30.0,32.0,1.185008,0.019200435828386812,0.6519209999999999,14.897637148456093,-0.7058800000000001,8.823584404662313,0.26354399999999983,7.465357324245371,2
multi-session-024,multi-boot-024,test,16,32.0,34.0,1.190273,0.019873584754643524,0.689586,14.837806945974327,-0.704161,8.971383254090698,0.3931029999999999,7.352425876069136,2
multi-session-024,multi-boot-024,test,17,34.0,36.0,1.191364,0.02163130842089771,0.8515510000000001,14.672334246332417,-0.630929,9.080082294255874,0.24602800000000008,7.2745531527521345,2
multi-session-024,multi-boot-024,test,18,36.0,38.0,1.189706,0.0195969274122246,0.7312840000000003,14.364936521096917,-0.630808,9.126010743722363,0.34657199999999994,7.160729694061633,2
multi-session-024,multi-boot-024,test,19,38.0,40.0,1.190342,0.019226654311137945,0.785513,14.20668129772506,-0.5731499999999999,9.333535171718161,0.2622350000000001,7.015247234593731,2
multi-session-024,multi-boot-024,test,20,40.0,42.0,1.190022,0.0208845712429056,-0.08410000000000001,12.283064374585033,0.10361100000000008,8.207616801774982,-0.05445100000000006,6.137768135723197,0
multi-session-024,multi-boot-024,test,21,42.0,44.0,1.189635,0.019772285527980826,0.036402999999999935,12.322888718368391,0.14128999999999994,8.199261298659776,-0.04743800000000001,6.1964319987034475,0
multi-session-024,multi-boot-024,test,22,44.0,46.0,1.1891800000000001,0.02218814097665687,0.09962499999999996,12.300942932981805,0.09322499999999997,8.206030178403868,-0.0027230000000001086,6.194142215720511,0
multi-session-024,multi-boot-024,test,23,46.0,48.0,1.191413,0.019779265178464026,0.1244650000000001,12.418481671326612,0.10863700000000001,8.313295921554278,-0.05763799999999998,6.237677014013792,0
multi-session-024,multi-boot-024,test,24,48.0,50.0,1.189203,0.022994744856162243,0.10380099999999985,12.367432146735192,0.12908799999999995,8.289076024362185,0.010457999999999967,6.198992855136712,0
multi-session-024,multi-boot-024,test,25,50.0,52.0,1.186939,0.017619738335174,0.08951700000000003,12.40625727647186,0.14461000000000002,8.311724453571593,0.11036799999999992,6.180862338264459,0
multi-session-024,multi-boot-024,test,26,52.0,54.0,1.185862,0.020522596229522235,0.19796800000000003,12.4182056645546,0.16765,8.320118769086172,0.02832400000000008,6.19239083632679,0
multi-session-024,multi-boot-024,test,27,54.0,56.0,1.1880819999999999,0.020216826556114093,0.20647700000000008,12.446311828319706,0.16004300000000005,8.427798431906817,0.07010400000000001,6.276675891328466,0
multi-session-024,multi-boot-024,test,28,56.0,58.0,1.191399,0.017885169806294822,0.29303499999999993,12.490832803911635,0.17744799999999997,8.316405873470583,0.154643,6.196525240895174,0
multi-session-024,multi-boot-024,test,29,58.0,60.0,1.187952,0.020301253557354536,0.34142599999999995,12.574084392174406,0.18854499999999993,8.356920814479158,0.10890900000000009,6.30009986574967,0
